D_u_over_rho_median,K,K_t_f_num,N,amplitude,case_id,dimension,drift_max_relative_error,drift_relative_L2_error,fast_layer_not_resolved,fast_threshold_reached,final_error,fit_count,fit_r_squared,fit_slope,group,initial_E_phi,initial_R_ans,initial_error,initial_mean_direction_error,initial_p1,initial_p2,initial_phi_bar,initial_phi_max,initial_phi_min,initial_seed,log_ratio_r_squared,log_ratio_slope_fit,log_ratio_slope_pred,log_ratio_slope_relative_error,max_block_weight_sum_error,max_phi_error,median_E_phi_over_rho2,median_R_ans_over_rho2,metric_valid,min_mean_transverse_norm,p95_E_phi_over_rho2,p95_R_ans_over_rho2,p_max_error,p_relative_L2_error,phi_bar_tf,polar_logtan_relative_L2_error,polar_metric_point_count,post_fast_metric_point_count,rate_ratio,relative_rate_error,rho,runtime_seconds,sphere_error_max,sphere_norm_error,state_dtype,t_f_num,threshold,threshold_maintained,threshold_reached,time_dtype,warning_count
1.1163444838402228,8.0,0.0,64,,d5_K8_s0.00_A_a0.00_seed-1,5,0.0012231028011777296,0.0008104258148201859,False,True,0.00034567067750395665,3000,0.9999999984344478,0.16014767114112427,A,0.00794324160647819,0.007946659957630255,0.007946659957630255,1.3199542876015174e-06,0.4999998265218574,0.5000001734781425,0.85,0.8579432416064781,0.8420567583935219,-1,0.9999999984344478,0.16014767114112427,0.15999999999999986,0.0009229446320275372,4.440892098500626e-16,0.00018554310335727742,0.053921814396325984,0.24952076007059937,True,0.9995930586705553,0.6800821457651942,0.8079928019724129,0.0002208296304296864,0.0002657794446601726,0.85,0.0009629330003527265,1952,3000,1.0009229446320276,0.000922944632027578,0.052969128007574154,2.097962844185531,5.492013510632887e-10,5.492013510632887e-10,float64,0.0,0.014028642609413883,True,True,float64,0
1.1178234017986706,10.0,0.0,64,,d5_K10_s0.00_A_a0.00_seed-1,5,0.0007851392611506874,0.0005194132889604978,False,True,0.00022167209117126524,3000,0.9999999993576452,0.16009449012935378,A,0.006354593285182619,0.006357568336164316,0.006357568336164316,6.762058800601782e-07,0.4999999111753025,0.5000000888246975,0.8499999999999999,0.8563545932851825,0.8436454067148175,-1,0.9999999993576452,0.16009449012935378,0.15999999999999986,0.0005905633084619949,4.440892098500626e-16,0.00011879089678201726,0.05398956420789597,0.24969474226609883,True,0.9997394745723192,0.5957870309591365,0.7362460510977502,0.00014134260491466266,0.00017012222281396515,0.8499999999999999,0.0006171429172071832,1949,3000,1.000590563308462,0.0005905633084619666,0.04237530240605932,2.23872016556561,5.046193463087434e-10,5.046193463087434e-10,float64,0.0,0.008978331270024885,True,True,float64,0
1.1187984447251251,12.0,0.0,64,,d5_K12_s0.00_A_a0.00_seed-1,5,0.0005481763545912848,0.00036198417512136384,False,True,0.00015414019822312347,3000,0.9999999996898469,0.16006561376092515,A,0.005295494404318979,0.0052980826392947855,0.0052980826392947855,3.914453392244121e-07,0.49999994859559743,0.5000000514044023,0.8500000000000001,0.8552954944043187,0.8447045055956812,-1,0.9999999996898469,0.16006561376092515,0.15999999999999986,0.000410086005783045,4.440892098500626e-16,8.251027030614644e-05,0.054036746306620996,0.24981564911373078,True,0.9998190482428081,0.503976724614329,0.6534693192516395,9.816052061800695e-05,0.00011814975567627928,0.8500000000000001,0.0004289301970403095,1947,3000,1.000410086005783,0.0004100860057829614,0.035312752005049436,2.257044844329357,5.145296411157574e-10,5.145296411157574e-10,float64,0.0,0.006234952270850615,True,True,float64,0
1.1184116765090513,16.0,0.14,64,,d5_K16_s0.00_A_a0.00_seed-1,5,0.0003169558206681677,0.00020777527072338283,False,True,8.684298161206596e-05,2993,0.9999999999018208,0.16003690215819585,A,0.003971620803239206,0.003973643418295338,0.003973643418295338,1.6519241983443391e-07,0.4999999783132559,0.5000000216867442,0.8499999999999999,0.8539716208032391,0.8460283791967609,-1,0.9999999999018208,0.16003690215819585,0.15999999999999986,0.000230638488724934,4.440892098500626e-16,4.608616052825809e-05,0.05400167993097167,0.24972397938485863,True,0.9998990712939918,0.30751933938558323,0.4703423140829316,5.496181134934108e-05,6.616831627824632e-05,0.8499859304554115,0.00023943059704889367,1944,2993,1.000230638488725,0.00023063848872495463,0.026484564003787077,2.4462215788662434,5.298044225554577e-10,5.298044225554577e-10,float64,0.00875,0.0035071606523534708,True,True,float64,0
1.0803633347721953,8.0,1.07,64,,d5_K8_s0.00_B_a0.00_seed-1,5,0.0016190203150252221,0.0011935325262844006,False,True,0.0003460584432596003,2893,0.999999988925747,0.16014161218751577,B,0.00794324160647819,0.04080697540760186,0.04080697540760186,1.336052297883226e-08,0.5000000075000934,0.49999999249990656,0.85,0.8579432416064781,0.8420567583935219,-1,0.999999988925747,0.16014161218751577,0.15999999999999986,0.0008850761719744062,4.440892098500626e-16,0.0001579861525733417,0.05252431231157583,0.24574609345550816,True,0.9996117209647675,0.26552787847549064,1.1713948373998337,0.00021124920844373118,0.00022168349181382897,0.8499174203017879,0.00032069432362902826,1949,2893,1.0008850761719743,0.0008850761719743083,0.052969128007574154,2.043716387823224,4.955362786773776e-10,4.955362786773776e-10,float64,0.13375,0.014028642609413883,True,True,float64,0
1.0916440760304345,10.0,1.3,64,,d5_K10_s0.00_B_a0.00_seed-1,5,0.0009881825308993217,0.0007147343335284516,False,True,0.00022183105249221313,2896,0.9999999974176643,0.16009197745010212,B,0.006354593285182619,0.03264558558862055,0.03264558558862055,6.840688458008436e-09,0.5000000038401142,0.4999999961598858,0.8499999999999999,0.8563545932851825,0.8436454067148175,-1,0.9999999974176643,0.16009197745010212,0.15999999999999986,0.0005748590631390886,4.440892098500626e-16,7.396596962183644e-05,0.052612047807918394,0.24599430604614866,True,0.9997510309947445,0.2034733470853816,0.8147202936870582,0.00010779789225079384,0.00013158741842480653,0.8499193865811678,0.0001899222839316997,1947,2896,1.0005748590631391,0.0005748590631391437,0.04237530240605932,2.0959260277450085,5.060463159622941e-10,5.060463159622941e-10,float64,0.13,0.008978331270024885,True,True,float64,0
1.0967320692506664,12.0,1.4849999999999999,64,,d5_K12_s0.00_B_a0.00_seed-1,5,0.0006659933640179944,0.0004750145672523308,False,True,0.0001542169054683025,2901,0.9999999991665425,0.16006438221871547,B,0.005295494404318979,0.027204657032881278,0.027204657032881278,3.958763372560904e-09,0.5000000022223093,0.4999999977776908,0.8500000000000001,0.8552954944043187,0.8447045055956812,-1,0.9999999991665425,0.16006438221871547,0.15999999999999986,0.00040238886697251846,4.440892098500626e-16,3.851935063914347e-05,0.052715064153092635,0.24628167217459976,True,0.999826913629485,0.16072936798511972,0.5883669198469739,6.237367455375065e-05,8.9672695387797e-05,0.8499259078984494,0.00015211995082677076,1945,2901,1.0004023888669724,0.00040238886697241405,0.035312752005049436,2.249154253862798,5.132984037814481e-10,5.132984037814481e-10,float64,0.12375,0.006234952270850615,True,True,float64,0
1.1002512910023472,16.0,1.76,64,,d5_K16_s0.00_B_a0.00_seed-1,5,0.000366720916228092,0.00025597249850534137,False,True,8.686727294458685e-05,2912,0.9999999998351676,0.16003649792904226,B,0.003971620803239206,0.020403494542028944,0.020403494542028944,1.670116466211368e-09,0.5000000009375454,0.4999999990624546,0.8499999999999999,0.8539716208032391,0.8460283791967609,-1,0.9999999998351676,0.16003649792904226,0.15999999999999986,0.00022811205651496904,4.440892098500626e-16,2.480554414885372e-05,0.05291279155060313,0.24682680752085356,True,0.9999025231841547,0.11111465136872346,0.3627761807939408,3.9250693009779125e-05,5.1201933189477854e-05,0.84994110438935,0.00011095401986135367,1943,2912,1.000228112056515,0.00022811205651507294,0.026484564003787077,2.3096865247935057,5.283780080134193e-10,5.283780080134193e-10,float64,0.11,0.0035071606523534708,True,True,float64,0
1.0784484563048813,8.0,1.71,64,0.05,d5_K8_s0.00_C_a0.05_seed0,5,0.0014148321376257521,0.0009925242959055803,False,True,0.0003460036617204891,2829,0.9999999969767631,0.16014438155909805,C,0.050000000000000155,0.07662435207601982,0.07662435207601982,1.4946834900704541e-16,0.4999999999999999,0.5,0.8500000000000001,0.896309693628348,0.7999999999999999,0,0.9999999969767631,0.16014438155909805,0.15999999999999986,0.000902384744363647,4.440892098500626e-16,0.00010418218779340016,0.05166535441491364,0.24330273867144186,True,0.9996117561763155,0.8351559793474232,1.2120159017162904,0.0001604702153340798,0.00020384221445153076,0.8495251603061793,0.0004712502658801199,1950,2829,1.0009023847443637,0.0009023847443636601,0.052969128007574154,1.0023087812587619,4.939949560522905e-10,4.939949560522905e-10,float64,0.21375,0.014028642609413883,True,True,float64,0
1.0805240672036267,10.0,2.0875,64,0.05,d5_K10_s0.00_C_a0.05_seed0,5,0.0008691923299340394,0.0005985881029504327,False,True,0.00022180020709175035,2833,0.9999999992134113,0.16009325030403754,C,0.050000000000000155,0.0712053285521199,0.0712053285521199,1.4946834900704541e-16,0.4999999999999999,0.5,0.8500000000000001,0.896309693628348,0.7999999999999999,0,0.9999999992134113,0.16009325030403754,0.15999999999999986,0.0005828144002354574,4.440892098500626e-16,8.079715272002463e-05,0.0517659952172248,0.2436012533380336,True,0.9997510517006435,0.647408440116423,0.8569829802666917,0.00011426960082619453,0.0001403971429464423,0.8495319643003044,0.0003848513329657851,1948,2833,1.0005828144002356,0.000582814400235554,0.04237530240605932,1.0730921858921647,5.065315944463578e-10,5.065315944463578e-10,float64,0.20875,0.008978331270024885,True,True,float64,0
1.0829043516818897,12.0,2.4000000000000004,64,0.05,d5_K12_s0.00_C_a0.05_seed0,5,0.000589862384038814,0.00040224854382073363,False,True,0.00015419748381921176,2840,0.9999999996774273,0.1600650392175338,C,0.050000000000000155,0.06760933749320419,0.06760933749320419,1.4946834900704541e-16,0.4999999999999999,0.5,0.8500000000000001,0.896309693628348,0.7999999999999999,0,0.9999999996774273,0.1600650392175338,0.15999999999999986,0.00040649510958702705,4.440892098500626e-16,6.212002833538843e-05,0.05189444575848466,0.24397534735112314,True,0.9998269270121968,0.49655671863587203,0.6502740250936004,8.422739147559422e-05,0.00010269247760190168,0.8495513137452193,0.0003042165991390921,1947,2840,1.000406495109587,0.00040649510958701285,0.035312752005049436,2.1276716701686382,5.138047765029796e-10,5.138047765029796e-10,float64,0.2,0.006234952270850615,True,True,float64,0
1.0873198245263291,16.0,2.9,64,0.05,d5_K16_s0.00_C_a0.05_seed0,5,0.00033042368096376497,0.00022106000299417625,False,True,8.685778518283539e-05,2855,0.9999999999036908,0.16003672349319256,C,0.050000000000000155,0.0631371380115589,0.0631371380115589,1.4946834900704541e-16,0.4999999999999999,0.5,0.8500000000000001,0.896309693628348,0.7999999999999999,0,0.9999999999036908,0.16003672349319256,0.15999999999999986,0.000229521832454359,4.440892098500626e-16,3.867578957683637e-05,0.05214290501369308,0.24468879777161362,True,0.9999025299841414,0.29444459634220504,0.4173873238099626,5.036821150891657e-05,6.12618999203425e-05,0.849591733303539,0.00019434863266570577,1945,2855,1.0002295218324544,0.0002295218324543935,0.026484564003787077,1.3272977359592915,5.286415749594653e-10,5.286415749594653e-10,float64,0.18125,0.0035071606523534708,True,True,float64,0
1.0780479273095875,8.0,1.73,64,0.05,d5_K8_s0.00_C_a0.05_seed1,5,0.0014143096154348815,0.0009918400698531562,False,True,0.0003460250598666628,2827,0.999999997008025,0.16014441376791588,C,0.050000000000000044,0.08071240203038832,0.08071240203038832,2.618455766672135e-16,0.5000000000000002,0.4999999999999999,0.8500000000000001,0.9,0.810554671077382,1,0.999999997008025,0.16014441376791588,0.15999999999999986,0.0009025860494751161,4.440892098500626e-16,9.866703212768613e-05,0.051641961971093026,0.24323414719673,True,0.9996117505401017,0.7900357087387629,1.115197593285461,0.0001606985050353893,0.00020404088118865002,0.8495421471583925,0.0004434659821002944,1950,2827,1.0009025860494751,0.0009025860494751292,0.052969128007574154,1.0037607606500387,5.646803025172176e-10,5.646803025172176e-10,float64,0.21625,0.014028642609413883,True,True,float64,0
1.0805679111940862,10.0,2.0875,64,0.05,d5_K10_s0.00_C_a0.05_seed1,5,0.0008694576761347642,0.0006001609291850401,False,True,0.00022181326974593545,2833,0.9999999992034044,0.1600932415262334,C,0.050000000000000044,0.07406672094239919,0.07406672094239919,2.618455766672135e-16,0.5000000000000002,0.4999999999999999,0.8500000000000001,0.9,0.810554671077382,1,0.9999999992034044,0.1600932415262334,0.15999999999999986,0.0005827595389595186,4.440892098500626e-16,7.690839690432938e-05,0.051768709386074155,0.2436089158674791,True,0.9997510472743155,0.6202536558179131,0.8221168319961079,0.00011378575981071948,0.00013993637558712096,0.8495530385419204,0.00036316946274966865,1948,2833,1.0005827595389596,0.0005827595389595874,0.04237530240605932,1.0735594779253006,5.050951878970977e-10,5.050951878970977e-10,float64,0.20875,0.008978331270024885,True,True,float64,0
1.082949396014179,12.0,2.4000000000000004,64,0.05,d5_K12_s0.00_C_a0.05_seed1,5,0.0005925246257110667,0.0004032232777430653,False,True,0.0001542062307211439,2840,0.9999999996750514,0.16006503403232455,C,0.050000000000000044,0.06973155257162823,0.06973155257162823,2.618455766672135e-16,0.5000000000000002,0.4999999999999999,0.8500000000000001,0.9,0.810554671077382,1,0.9999999996750514,0.16006503403232455,0.15999999999999986,0.0004064627020293133,4.440892098500626e-16,5.9684017694738856e-05,0.05189703518899397,0.24398269805079778,True,0.9998269237833998,0.47278112857694465,0.6132423175802457,8.391734453719324e-05,0.00010234708967585486,0.8495707836594149,0.0002903133844787134,1947,2840,1.0004064627020293,0.0004064627020292644,0.035312752005049436,1.150302816182375,6.123537232838316e-10,6.123537232838316e-10,float64,0.2,0.006234952270850615,True,True,float64,0
1.0873600925314355,16.0,2.9,64,0.05,d5_K16_s0.00_C_a0.05_seed1,5,0.00033113348358528656,0.00022151611354150242,False,True,8.686245713721867e-05,2855,0.9999999999035102,0.16003672144310863,C,0.050000000000000044,0.06444686446935631,0.06444686446935631,2.618455766672135e-16,0.5000000000000002,0.4999999999999999,0.8500000000000001,0.9,0.810554671077382,1,0.9999999999035102,0.16003672144310863,0.15999999999999986,0.00022950901942975934,4.440892098500626e-16,3.7532140854890095e-05,0.05214533273198701,0.244695716761326,True,0.9999025279455812,0.27548232301997383,0.37794908264092036,5.021700746790647e-05,6.107341469452475e-05,0.8496085083900904,0.00018772448812661146,1945,2855,1.0002295090194298,0.00022950901942975221,0.026484564003787077,1.3369441647082567,5.589495533087074e-10,5.589495533087074e-10,float64,0.18125,0.0035071606523534708,True,True,float64,0
1.077834368670672,8.0,1.74,64,0.05,d5_K8_s0.00_C_a0.05_seed2,5,0.0014141988628202772,0.000991239963123736,False,True,0.0003460299773035618,2826,0.999999997018644,0.16014439688054377,C,0.050000000000000155,0.07953337739054861,0.07953337739054861,5.087681048627601e-16,0.5000000000000004,0.49999999999999967,0.85,0.9,0.8111854295028316,2,0.999999997018644,0.16014439688054377,0.15999999999999986,0.0009024805033994173,4.440892098500626e-16,0.00010000092683659645,0.05162917112221407,0.2431976416677282,True,0.9996117581262379,0.8094094884056392,1.2167221882622488,0.00016087954935911641,0.00020413207008169545,0.8495235356341226,0.00045025872103789783,1950,2826,1.0009024805033995,0.0009024805033994721,0.052969128007574154,1.0119299087673426,4.973707001809657e-10,4.973707001809657e-10,float64,0.2175,0.014028642609413883,True,True,float64,0
1.0801326100060888,10.0,2.1125,64,0.05,d5_K10_s0.00_C_a0.05_seed2,5,0.0008688462007088757,0.0005986160026758236,False,True,0.00022181687154532902,2831,0.999999999214937,0.16009324928246021,C,0.050000000000000155,0.07353561642106352,0.07353561642106352,5.087681048627601e-16,0.5000000000000004,0.49999999999999967,0.85,0.9,0.8111854295028316,2,0.999999999214937,0.16009324928246021,0.15999999999999986,0.0005828080153771903,4.440892098500626e-16,7.801653013594922e-05,0.05174281430423702,0.24353468326706645,True,0.999751048827001,0.6282586492074991,0.8481671021613824,0.00011427862786428378,0.00014043668778708748,0.8495323292365325,0.00036956504228807997,1948,2831,1.0005828080153771,0.0005828080153771342,0.04237530240605932,1.0802940409630537,5.056339791309483e-10,5.056339791309483e-10,float64,0.21125,0.008978331270024885,True,True,float64,0
1.0827390509776367,12.0,2.415,64,0.05,d5_K12_s0.00_C_a0.05_seed2,5,0.0005920032010543389,0.0004027220309497508,False,True,0.000154209002900584,2839,0.9999999996765068,0.16006503498154298,C,0.050000000000000155,0.06954034783326062,0.06954034783326062,5.087681048627601e-16,0.5000000000000004,0.49999999999999967,0.85,0.9,0.8111854295028316,2,0.9999999996765068,0.16006503498154298,0.15999999999999986,0.0004064686346444763,4.440892098500626e-16,6.013707430341242e-05,0.05188434671028727,0.24394703659479763,True,0.9998269235073712,0.4838980591188593,0.6346881526471022,8.408511836766053e-05,0.00010254600252985163,0.8495530164053765,0.0002929632105551929,1947,2839,1.0004064686346446,0.0004064686346445523,0.035312752005049436,1.1530756670981646,5.145224246660973e-10,5.145224246660973e-10,float64,0.20125,0.006234952270850615,True,True,float64,0
1.0871496522752302,16.0,2.92,64,0.05,d5_K16_s0.00_C_a0.05_seed2,5,0.0003309330744586289,0.00022119801529959572,False,True,8.686424499574223e-05,2854,0.9999999999036407,0.16003672256487614,C,0.050000000000000155,0.06455075137735956,0.06455075137735956,5.087681048627601e-16,0.5000000000000004,0.49999999999999967,0.85,0.9,0.8111854295028316,2,0.9999999999036407,0.16003672256487614,0.15999999999999986,0.00022951603047671068,4.440892098500626e-16,3.7739657093527335e-05,0.052132703286930725,0.24466065988001517,True,0.9999025267825611,0.28226225158682694,0.43919291833158297,5.032741428778742e-05,6.121932209815321e-05,0.8495915513931951,0.00018897676353816893,1945,2854,1.0002295160304766,0.0002295160304766064,0.026484564003787077,1.3258763765916228,5.26150123469904e-10,5.26150123469904e-10,float64,0.1825,0.0035071606523534708,True,True,float64,0
1.0803143758460787,8.0,1.6400000000000001,64,0.05,d5_K8_s0.00_C_a0.05_seed3,5,0.0014888718587957107,0.0010651251842181734,False,True,0.00034613797826951823,2836,0.9999999948747059,0.16014329211580866,C,0.050000000000000044,0.07124629358976199,0.07124629358976199,1.6653345369377348e-16,0.4999999999999999,0.5,0.85,0.8941369979147369,0.7999999999999999,3,0.9999999948747059,0.16014329211580866,0.15999999999999986,0.0008955757238049777,4.440892098500626e-16,9.670965284203081e-05,0.05177450005949129,0.2436211658870261,True,0.9996116628320505,0.8037166459007603,1.2765997119825487,0.00014005457271759614,0.00019697487935716777,0.8496317740123434,0.0004229170105500105,1950,2836,1.000895575723805,0.0008955757238049422,0.052969128007574154,1.0056675970554352,4.93620366803782e-10,4.93620366803782e-10,float64,0.20500000000000002,0.014028642609413883,True,True,float64,0
1.0821202070398144,10.0,2.0125,64,0.05,d5_K10_s0.00_C_a0.05_seed3,5,0.0009072815778498419,0.0006369282820534176,False,True,0.00022187285835781174,2839,0.9999999988359327,0.16009278727322124,C,0.050000000000000044,0.0662616396561391,0.0662616396561391,1.6653345369377348e-16,0.4999999999999999,0.5,0.85,0.8941369979147369,0.7999999999999999,3,0.9999999988359327,0.16009278727322124,0.15999999999999986,0.000579920457633582,4.440892098500626e-16,7.649716206170609e-05,0.05185956202172288,0.2438724709603699,True,0.99975100032833,0.6105076960471346,0.9253240777672013,0.00010258153557463068,0.0001310420838565508,0.8496327537952277,0.00035288200781635515,1948,2839,1.0005799204576336,0.0005799204576335537,0.04237530240605932,1.073221675120294,5.06240493969301e-10,5.06240493969301e-10,float64,0.20125,0.008978331270024885,True,True,float64,0
1.08424725985702,12.0,2.325,64,0.05,d5_K12_s0.00_C_a0.05_seed3,5,0.0006134462904159509,0.00042446610181527016,False,True,0.0001542417502225216,2845,0.9999999995905473,0.16006481312266688,C,0.050000000000000044,0.06309191400550608,0.06309191400550608,1.6653345369377348e-16,0.4999999999999999,0.5,0.85,0.8941369979147369,0.7999999999999999,3,0.9999999995905473,0.16006481312266688,0.15999999999999986,0.0004050820166688274,4.440892098500626e-16,5.9542367930598417e-05,0.05197330218131695,0.24420226501716918,True,0.9998268955583169,0.46721851547190163,0.6891167740152434,7.70513148495855e-05,9.544459953350211e-05,0.8496458785030327,0.00028445571308238413,1946,2845,1.0004050820166688,0.0004050820166687785,0.035312752005049436,1.1628770604729652,5.125220248203277e-10,5.125220248203277e-10,float64,0.19375,0.006234952270850615,True,True,float64,0
1.0881744120141021,16.0,2.84,64,0.05,d5_K16_s0.00_C_a0.05_seed3,5,0.00033981732408650927,0.00023034274072375178,False,True,8.687832009101622e-05,2858,0.9999999998968212,0.16003665305868472,C,0.050000000000000044,0.059336965082254334,0.059336965082254334,1.6653345369377348e-16,0.4999999999999999,0.5,0.85,0.8941369979147369,0.7999999999999999,3,0.9999999998968212,0.16003665305868472,0.15999999999999986,0.000229081616780376,4.440892098500626e-16,3.764263413486013e-05,0.05219342981606584,0.2448321736205869,True,0.9999025149346504,0.27218837395280404,0.4183683542340756,4.721760138737263e-05,5.752216132880691e-05,0.8496760956707085,0.00018620230474108908,1944,2858,1.0002290816167805,0.0002290816167804799,0.026484564003787077,1.326820656657219,5.297736693776756e-10,5.297736693776756e-10,float64,0.1775,0.0035071606523534708,True,True,float64,0
1.0790948280406492,8.0,1.68,64,0.05,d5_K8_s0.00_C_a0.05_seed4,5,0.0014427368271406583,0.0010191228124043555,False,True,0.000345991933948937,2832,0.9999999962512552,0.16014391198198885,C,0.050000000000000044,0.0737410393914649,0.0737410393914649,2.498001805406602e-16,0.4999999999999997,0.5000000000000002,0.85,0.892695409784761,0.7999999999999999,4,0.9999999962512552,0.16014391198198885,0.15999999999999986,0.0008994498874311676,4.440892098500626e-16,9.893761289148095e-05,0.05170330175071185,0.2434132132565533,True,0.9996117962563968,0.793620514007466,1.2420547087292884,0.00015270307538153838,0.00019956619135948585,0.8495136349376523,0.00044046007721215984,1950,2832,1.000899449887431,0.0008994498874310697,0.052969128007574154,1.0086782770231366,4.949918253061014e-10,4.949918253061014e-10,float64,0.21,0.014028642609413883,True,True,float64,0
1.081370445915127,10.0,2.0375,64,0.05,d5_K10_s0.00_C_a0.05_seed4,5,0.0008855687000758821,0.0006146883434680475,False,True,0.000221785803843339,2837,0.9999999990708539,0.1600930282454145,C,0.050000000000000044,0.06765679710308994,0.06765679710308994,2.498001805406602e-16,0.4999999999999997,0.5000000000000002,0.85,0.892695409784761,0.7999999999999999,4,0.9999999990708539,0.1600930282454145,0.15999999999999986,0.0005814265338414259,4.440892098500626e-16,7.723775118972931e-05,0.051815845230970374,0.24374534849977234,True,0.9997510810152532,0.6058091332129386,0.8949848382577849,0.00010920597546013044,0.00013571677595423855,0.8495193944998531,0.000361849839877681,1948,2837,1.0005814265338415,0.0005814265338415225,0.04237530240605932,1.0752818640321493,5.048045315092509e-10,5.048045315092509e-10,float64,0.20375000000000001,0.008978331270024885,True,True,float64,0
1.08351194984823,12.0,2.355,64,0.05,d5_K12_s0.00_C_a0.05_seed4,5,0.000601003939553233,0.00041162515883261074,False,True,0.00015418427689259685,2843,0.9999999996472525,0.1600649313880582,C,0.050000000000000044,0.06377758978466486,0.06377758978466486,2.498001805406602e-16,0.4999999999999997,0.5000000000000002,0.85,0.892695409784761,0.7999999999999999,4,0.9999999996472525,0.1600649313880582,0.15999999999999986,0.00040582117536453637,4.440892098500626e-16,6.005020635990732e-05,0.05193030884938771,0.24407818321916444,True,0.9998269490555283,0.4427353931988566,0.6446576877483328,8.11517147537022e-05,9.932183885314554e-05,0.8495331174310191,0.0002904710710890377,1947,2843,1.0004058211753646,0.0004058211753645846,0.035312752005049436,1.1497340751811862,5.144176196125727e-10,5.144176196125727e-10,float64,0.19625,0.006234952270850615,True,True,float64,0
1.0876842536260654,16.0,2.86,64,0.05,d5_K16_s0.00_C_a0.05_seed4,5,0.0003346295508008764,0.00022516865232504775,False,True,8.684809531252184e-05,2857,0.9999999999017704,0.16003668816053424,C,0.050000000000000044,0.0591767230135624,0.0591767230135624,2.498001805406602e-16,0.4999999999999997,0.5000000000000002,0.85,0.892695409784761,0.7999999999999999,4,0.9999999999017704,0.16003668816053424,0.15999999999999986,0.00022930100333981592,4.440892098500626e-16,3.7780598334702375e-05,0.05216454581297975,0.24474981335592075,True,0.999902543582485,0.251018828162493,0.4483986272206346,4.895975096441685e-05,5.952030350080457e-05,0.8495668743297706,0.00018832496089819296,1945,2857,1.0002293010033398,0.0002293010033398435,0.026484564003787077,1.3263757526874542,5.281395321077298e-10,5.281395321077298e-10,float64,0.17875,0.0035071606523534708,True,True,float64,0
1.0596707442381272,8.0,2.5300000000000002,64,0.15,d5_K8_s0.00_C_a0.15_seed0,5,0.0013021174013324729,0.0008847077861690674,False,True,0.00034578064630407223,2747,0.9999999985683733,0.1601458573653616,C,0.1499999999999999,0.1746172466402371,0.1746172466402371,1.6883057536160649e-16,0.4999999999999999,0.5000000000000002,0.8499999999999999,0.988929080885044,0.7,0,0.9999999985683733,0.1601458573653616,0.15999999999999986,0.0009116085335108764,4.440892098500626e-16,0.00015495578515412056,0.05054535475515375,0.24002770078777802,True,0.9996119361521228,1.1427236610584526,1.272256115212293,0.00019695896954255443,0.00024245092079999586,0.8472460402760836,0.0007779752556291317,1962,2747,1.0009116085335108,0.0009116085335107993,0.052969128007574154,1.0102382125332952,4.974065603846611e-10,4.974065603846611e-10,float64,0.31625000000000003,0.014028642609413883,True,True,float64,0
1.0646543858245852,10.0,2.9499999999999997,64,0.15,d5_K10_s0.00_C_a0.15_seed0,5,0.0008201644443053727,0.0005517429017578779,False,True,0.00022166638585082178,2764,0.9999999993998714,0.1600937183660509,C,0.1499999999999999,0.16931726694769325,0.16931726694769325,1.6883057536160649e-16,0.4999999999999999,0.5000000000000002,0.8499999999999999,0.988929080885044,0.7,0,0.9999999993998714,0.1600937183660509,0.15999999999999986,0.0005857397878190207,4.440892098500626e-16,0.00010436352153220252,0.05081353540354369,0.24085457760532386,True,0.9997511620481275,0.8450243456991595,0.940412162134295,0.00013137618247349714,0.00016183477934551333,0.8473205634187,0.0005312622570504416,1960,2764,1.000585739787819,0.0005857397878190618,0.04237530240605932,1.0806391388177872,5.546454406868406e-10,5.546454406868406e-10,float64,0.295,0.008978331270024885,True,True,float64,0
1.0690471988209764,12.0,3.3000000000000003,64,0.15,d5_K12_s0.00_C_a0.15_seed0,5,0.0005659034801266645,0.00037859839925091847,False,True,0.0001541086812513941,2780,0.9999999997011383,0.16006520375162933,C,0.1499999999999999,0.16579502900129453,0.16579502900129453,1.6883057536160649e-16,0.4999999999999999,0.5000000000000002,0.8499999999999999,0.988929080885044,0.7,0,0.9999999997011383,0.16006520375162933,0.15999999999999986,0.00040752344768416775,4.440892098500626e-16,7.448718126035203e-05,0.051057640212436486,0.24159406179622434,True,0.999827001539424,0.6212787052937678,0.7142735806125111,9.32665784655895e-05,0.00011488712700124573,0.8473865654252519,0.0003818095605469466,1958,2780,1.0004075234476841,0.00040752344768413273,0.035312752005049436,1.1554670790210366,5.61945157073751e-10,5.61945157073751e-10,float64,0.275,0.006234952270850615,True,True,float64,0
1.0759169910191866,16.0,3.88,64,0.15,d5_K16_s0.00_C_a0.15_seed0,5,0.0003223763340097985,0.00021338229699336442,False,True,8.681074027827735e-05,2806,0.9999999999022215,0.16003673889618708,C,0.1499999999999999,0.1614057190362907,0.1614057190362907,1.6883057536160649e-16,0.4999999999999999,0.5000000000000002,0.8499999999999999,0.988929080885044,0.7,0,0.9999999999022215,0.16003673889618708,0.15999999999999986,0.00022961810117010114,4.440892098500626e-16,4.30318879042213e-05,0.05144753685956102,0.2427535127215204,True,0.9999025705830986,0.33805237758957685,0.44497155313903836,5.358729350213309e-05,6.593484794937589e-05,0.8474815507313427,0.00022198269845158283,1956,2806,1.00022961810117,0.00022961810117005932,0.026484564003787077,1.3346142312511802,5.286295845507993e-10,5.286295845507993e-10,float64,0.2425,0.0035071606523534708,True,True,float64,0
1.0590728727233565,8.0,2.57,64,0.15,d5_K8_s0.00_C_a0.15_seed1,5,0.0013028418686318263,0.0008840902168544861,False,True,0.0003459135635039438,2743,0.9999999985612212,0.16014590419585312,C,0.1499999999999998,0.17659003495507636,0.17659003495507636,2.897767167584095e-16,0.49999999999999994,0.4999999999999999,0.8500000000000001,1.0,0.731664013232146,1,0.9999999985612212,0.16014590419585312,0.15999999999999986,0.0009119012240828291,4.440892098500626e-16,0.00014655147054465356,0.05051049762962662,0.2399214941239058,True,0.9996118503672667,1.0581099351960193,1.151279463546413,0.00019709941064111058,0.00024278288361903673,0.8473326787985148,0.0007298544189597313,1961,2743,1.0009119012240828,0.0009119012240828006,0.052969128007574154,1.0099326549097896,7.279772340496038e-10,7.279772340496038e-10,float64,0.32125,0.014028642609413883,True,True,float64,0
1.0642736876270824,10.0,2.9875000000000003,64,0.15,d5_K10_s0.00_C_a0.15_seed1,5,0.0008192173933135862,0.0005517521749357227,False,True,0.00022175037642775398,2761,0.9999999993968992,0.16009373116971468,C,0.1499999999999998,0.17065679861112573,0.17065679861112573,2.897767167584095e-16,0.49999999999999994,0.4999999999999999,0.8500000000000001,1.0,0.731664013232146,1,0.9999999993968992,0.16009373116971468,0.15999999999999986,0.0005858198107175713,4.440892098500626e-16,9.97421378059471e-05,0.050790973781746976,0.24078770492204687,True,0.999751106263406,0.7774115781234988,0.854203772401615,0.00013132396494694443,0.00016183709366841866,0.8474029743203384,0.0005044862142934091,1959,2761,1.0005858198107176,0.0005858198107175916,0.04237530240605932,1.0775310397148132,8.039404697512964e-10,8.039404697512964e-10,float64,0.29875,0.008978331270024885,True,True,float64,0
1.0688846455354712,12.0,3.33,64,0.15,d5_K12_s0.00_C_a0.15_seed1,5,0.0005666801064460719,0.00037908844305452365,False,True,0.00015416641261613428,2778,0.999999999700313,0.16006520825154236,C,0.1499999999999998,0.1667709905524185,0.1667709905524185,2.897767167584095e-16,0.49999999999999994,0.4999999999999999,0.8500000000000001,1.0,0.731664013232146,1,0.999999999700313,0.16006520825154236,0.15999999999999986,0.00040755157214057735,4.440892098500626e-16,7.166906763866887e-05,0.05104764408652972,0.24156598236527438,True,0.999826961857011,0.5729616913114451,0.6427306556968242,9.316906109391176e-05,0.0001147879304995859,0.8474652706773875,0.000365365283119161,1958,2778,1.0004075515721407,0.00040755157214067417,0.035312752005049436,1.167112267576158,7.951617142509804e-10,7.951617142509804e-10,float64,0.2775,0.006234952270850615,True,True,float64,0
1.0761988952914483,16.0,3.88,64,0.15,d5_K16_s0.00_C_a0.15_seed1,5,0.00032364383498745286,0.00021374609482474765,False,True,8.684273415281355e-05,2806,0.9999999999021947,0.16003674085957784,C,0.1499999999999998,0.1619991815925291,0.1619991815925291,2.897767167584095e-16,0.49999999999999994,0.4999999999999999,0.8500000000000001,1.0,0.731664013232146,1,0.9999999999021947,0.16003674085957784,0.15999999999999986,0.00022963037236232322,4.440892098500626e-16,4.176634476804608e-05,0.05146325162423099,0.24280180817442087,True,0.9999025473213375,0.31494508355987555,0.4111701055970346,5.3505437356160535e-05,6.582204538953463e-05,0.847554723106897,0.0002145300732728461,1956,2806,1.0002296303723623,0.00022963037236234385,0.026484564003787077,1.3358449218794703,7.102987087392876e-10,7.102987087392876e-10,float64,0.2425,0.0035071606523534708,True,True,float64,0
1.0603906839738904,8.0,2.52,64,0.15,d5_K8_s0.00_C_a0.15_seed2,5,0.0013111518773833502,0.000893292242351307,False,True,0.00034600857907455775,2748,0.9999999985383046,0.1601457496284359,C,0.1499999999999999,0.17725718941551913,0.17725718941551913,2.5438405243138006e-16,0.4999999999999998,0.5000000000000001,0.85,1.0,0.7335562885084949,2,0.9999999985383046,0.1601457496284359,0.15999999999999986,0.0009109351777251633,4.440892098500626e-16,0.00014620750775562463,0.05058368717683825,0.24015561977142957,True,0.999611796325717,1.159563131990119,1.3137724465195437,0.00019431247659484896,0.00023908526930056944,0.8472404240493376,0.0007257092866520875,1962,2748,1.0009109351777252,0.000910935177725225,0.052969128007574154,1.0116829881444573,5.666231928103116e-10,5.666231928103116e-10,float64,0.315,0.014028642609413883,True,True,float64,0
1.065596213212184,10.0,2.925,64,0.15,d5_K10_s0.00_C_a0.15_seed2,5,0.0008229095219282596,0.0005559212686868955,False,True,0.00022181173341933577,2766,0.9999999993998999,0.1600936830459274,C,0.1499999999999999,0.17128313770699327,0.17128313770699327,2.5438405243138006e-16,0.4999999999999998,0.5000000000000001,0.85,1.0,0.7335562885084949,2,0.9999999993998999,0.1600936830459274,0.15999999999999986,0.0005855190370470184,4.440892098500626e-16,9.94821961209924e-05,0.05086475870708898,0.2410201541647522,True,0.9997510613419774,0.866075068100506,1.0208335941879767,0.00013009048713472082,0.00016009632517081774,0.8473083645253767,0.0005020027147767961,1960,2766,1.000585519037047,0.0005855190370469554,0.04237530240605932,1.083181943744421,6.452665068934493e-10,6.452665068934493e-10,float64,0.2925,0.008978331270024885,True,True,float64,0
1.0697664380040774,12.0,3.285,64,0.15,d5_K12_s0.00_C_a0.15_seed2,5,0.0005684830960286497,0.0003805924024097485,False,True,0.0001542094553146995,2781,0.9999999997022069,0.16006519288044266,C,0.1499999999999999,0.1673027252928696,0.1673027252928696,2.5438405243138006e-16,0.4999999999999998,0.5000000000000001,0.85,1.0,0.7335562885084949,2,0.9999999997022069,0.16006519288044266,0.15999999999999986,0.00040745550276746095,4.440892098500626e-16,7.159608352014235e-05,0.051096005512698155,0.241719470471248,True,0.9998269265726454,0.6281367555619742,0.783276295599782,9.268336435208635e-05,0.00011408604917962975,0.8473641608243363,0.00036451416465783503,1958,2781,1.0004074555027676,0.0004074555027675508,0.035312752005049436,1.1619325717911124,6.568861010691762e-10,6.568861010691762e-10,float64,0.27375,0.006234952270850615,True,True,float64,0
1.0768611222037119,16.0,3.84,64,0.15,d5_K16_s0.00_C_a0.15_seed2,5,0.0003239294087933759,0.00021412198407312312,False,True,8.686736388348813e-05,2808,0.9999999999025133,0.16003673898938314,C,0.1499999999999999,0.16233002135676125,0.16233002135676125,2.5438405243138006e-16,0.4999999999999998,0.5000000000000001,0.85,1.0,0.7335562885084949,2,0.9999999999025133,0.16003673898938314,0.15999999999999986,0.0002296186836454885,4.440892098500626e-16,4.175587998922481e-05,0.0514992252377523,0.2429157051638915,True,0.9999025249685651,0.3431888351073988,0.5011969089891292,5.339584140140463e-05,6.565404239692576e-05,0.8474510938265304,0.00021433492461638573,1956,2808,1.0002296186836455,0.00022961868364546056,0.026484564003787077,1.3410134268924594,6.014280184984955e-10,6.014280184984955e-10,float64,0.24,0.0035071606523534708,True,True,float64,0
1.061807099814852,8.0,2.49,64,0.15,d5_K8_s0.00_C_a0.15_seed3,5,0.001380055559538719,0.0009599503302741549,False,True,0.00034635193994101066,2751,0.9999999978234487,0.16014462966123777,C,0.1499999999999999,0.16611592691150898,0.16611592691150898,2.0206364052201326e-16,0.4999999999999999,0.5,0.8499999999999999,0.9824109937442107,0.7,3,0.9999999978234487,0.16014462966123777,0.15999999999999986,0.000903935382736907,4.440892098500626e-16,0.00014774308021525684,0.050670450473021586,0.24040681003234146,True,0.9996114858955198,1.0885889306896153,1.3566267289289207,0.00017225229720219115,0.00021420757025061233,0.8478975552725085,0.0007167162944608007,1958,2751,1.000903935382737,0.0009039353827369201,0.052969128007574154,1.0108480751514435,4.967545264022988e-10,4.967545264022988e-10,float64,0.31125,0.014028642609413883,True,True,float64,0
1.0664365972014165,10.0,2.9125,64,0.15,d5_K10_s0.00_C_a0.15_seed3,5,0.0008592008121749521,0.0005899571058505872,False,True,0.0002219924807283003,2767,0.9999999993056022,0.16009322772745346,C,0.1499999999999999,0.16219618745992787,0.16219618745992787,2.0206364052201326e-16,0.4999999999999999,0.5,0.8499999999999999,0.9824109937442107,0.7,3,0.9999999993056022,0.16009322772745346,0.15999999999999986,0.000582673296584992,4.440892098500626e-16,0.00010058687616709694,0.05091894480990647,0.24116769177043385,True,0.9997509001025476,0.7769575476918993,1.0005337149964706,0.0001182967355118636,0.00014560668099095647,0.8479506052471775,0.0004991672881330451,1956,2767,1.000582673296585,0.0005826732965850123,0.04237530240605932,1.083722172304988,6.172438116180956e-10,6.172438116180956e-10,float64,0.29125,0.008978331270024885,True,True,float64,0
1.0705194069385657,12.0,3.2700000000000005,64,0.15,d5_K12_s0.00_C_a0.15_seed3,5,0.0005898051585575682,0.0004006349027952415,False,True,0.00015431676056667444,2782,0.9999999996901281,0.16006497771160827,C,0.1499999999999999,0.15967657611030725,0.15967657611030725,2.0206364052201326e-16,0.4999999999999999,0.5,0.8499999999999999,0.9824109937442107,0.7,3,0.9999999996901281,0.16006497771160827,0.15999999999999986,0.00040611069755253114,4.440892098500626e-16,7.231953347541786e-05,0.05114557102546348,0.2418503065223294,True,0.9998268316246641,0.5670470045668925,0.7457123016838492,8.564460845605915e-05,0.00010507172561488598,0.8479994244079235,0.00036333016483648434,1955,2782,1.0004061106975526,0.00040611069755258633,0.035312752005049436,1.1597255757078528,6.164040389222691e-10,6.164040389222691e-10,float64,0.2725,0.006234952270850615,True,True,float64,0
1.0775033083084766,16.0,3.8200000000000003,64,0.15,d5_K16_s0.00_C_a0.15_seed3,5,0.00033264362283191596,0.00022279408426163959,False,True,8.691481609175117e-05,2809,0.999999999903951,0.16003667391144347,C,0.1499999999999999,0.15663866391037018,0.15663866391037018,2.0206364052201326e-16,0.4999999999999999,0.5,0.8499999999999999,0.9824109937442107,0.7,3,0.999999999903951,0.16003667391144347,0.15999999999999986,0.00022921194652251333,4.440892098500626e-16,4.2112752312029045e-05,0.051542934132001644,0.24302552306766292,True,0.9999024830689391,0.3147148578956659,0.45996799422825674,5.0270116728950986e-05,6.151098269720712e-05,0.8480758319037585,0.00021407051079725949,1953,2809,1.0002292119465226,0.00022921194652258947,0.026484564003787077,1.3283326961100101,5.690583559925244e-10,5.690583559925244e-10,float64,0.23875000000000002,0.0035071606523534708,True,True,float64,0
1.0593321128246882,8.0,2.5,64,0.15,d5_K8_s0.00_C_a0.15_seed4,5,0.0013271777788781043,0.0009072043348205225,False,True,0.0003453217969145865,2750,0.999999998462398,0.1601453351557745,C,0.15000000000000002,0.16348431692184512,0.16348431692184512,2.0206364052201326e-16,0.49999999999999994,0.5,0.85,0.9780862293542831,0.7,4,0.999999998462398,0.1601453351557745,0.15999999999999986,0.0009083447235914984,4.440892098500626e-16,0.000148906878085997,0.05052840624648977,0.23996763605328708,True,0.9996124799152794,1.0918995479564897,1.3084494879580562,0.00018908170050857542,0.00023243680428757638,0.8469625679911668,0.0007394805716305997,1963,2750,1.0009083447235916,0.0009083447235915809,0.052969128007574154,1.0107392016798258,5.982392359271671e-10,5.982392359271671e-10,float64,0.3125,0.014028642609413883,True,True,float64,0
1.064030405559964,10.0,2.925,64,0.15,d5_K10_s0.00_C_a0.15_seed4,5,0.0008332147811898884,0.0005643404809764401,False,True,0.00022135411041917594,2766,0.9999999994009768,0.16009348489710812,C,0.15000000000000002,0.15870415635380888,0.15870415635380888,2.0206364052201326e-16,0.49999999999999994,0.5,0.85,0.9780862293542831,0.7,4,0.9999999994009768,0.16009348489710812,0.15999999999999986,0.0005842806069265854,4.440892098500626e-16,0.00010108478441206437,0.050780048147078,0.24074477984240725,True,0.9997515203755011,0.7823371979231581,0.9486418210869592,0.00012679100514409458,0.00015577099568618892,0.8470191132352353,0.0005104527883948452,1961,2766,1.0005842806069265,0.0005842806069265016,0.04237530240605932,1.075810069218278,6.180347345008386e-10,6.180347345008386e-10,float64,0.2925,0.008978331270024885,True,True,float64,0
1.0681567218979535,12.0,3.285,64,0.15,d5_K12_s0.00_C_a0.15_seed4,5,0.0005744570159728397,0.0003865860788843428,False,True,0.00015388316757454008,2781,0.9999999997078166,0.1600650823021061,C,0.15000000000000002,0.15564041478903995,0.15564041478903995,2.0206364052201326e-16,0.49999999999999994,0.5,0.85,0.9780862293542831,0.7,4,0.9999999997078166,0.1600650823021061,0.15999999999999986,0.00040676438816389414,4.440892098500626e-16,7.253110397820173e-05,0.05100861627581671,0.24143881033587572,True,0.9998272549937909,0.5495279018999948,0.7289334800197632,9.040216605360474e-05,0.00011103532022500996,0.84707208229886,0.00036949317181511724,1960,2781,1.000406764388164,0.00040676438816400484,0.035312752005049436,1.1521642366424203,6.190834511698995e-10,6.190834511698995e-10,float64,0.27375,0.006234952270850615,True,True,float64,0
1.0749737287850112,16.0,3.86,64,0.15,d5_K16_s0.00_C_a0.15_seed4,5,0.00032679650035251346,0.0002170931024347105,False,True,8.667777675214745e-05,2807,0.9999999999047763,0.160036693942089,C,0.15000000000000002,0.1519596350602181,0.1519596350602181,2.0206364052201326e-16,0.49999999999999994,0.5,0.85,0.9780862293542831,0.7,4,0.9999999999047763,0.160036693942089,0.15999999999999986,0.0002293371380570829,4.440892098500626e-16,4.216308583204764e-05,0.05139505881498814,0.2425909120965231,True,0.9999027161816522,0.288038375613525,0.48559019565963685,5.223230251016897e-05,6.408014004799322e-05,0.8471534827792169,0.00021660419394998402,1958,2807,1.000229337138057,0.0002293371380570619,0.026484564003787077,1.3257155874744058,5.503979494392297e-10,5.503979494392297e-10,float64,0.24125,0.0035071606523534708,True,True,float64,0
1.0427077547845625,8.0,3.24,64,0.3,d5_K8_s0.00_C_a0.30_seed0,5,0.00128564042417836,0.0008676069308907829,False,True,0.0003451938582436254,2676,0.9999999985676462,0.1601459990782474,C,0.2999999999999998,0.313483541513247,0.313483541513247,1.7772239894833365e-16,0.5000000000000001,0.5000000000000001,0.85,1.1278581617700882,0.55,0,0.9999999985676462,0.1601459990782474,0.15999999999999986,0.0009124942390470466,4.440892098500626e-16,0.0001725872893781899,0.04947642167660386,0.23696128855625076,True,0.9996025417067416,1.1804371247881706,1.3621023024529084,0.0002101374488489849,0.0002626813978299502,0.8404906997635584,0.0008957862320829515,1998,2676,1.000912494239047,0.0009124942390470459,0.052969128007574154,1.0104932747781277,5.619458232075658e-10,5.619458232075658e-10,float64,0.405,0.014028642609413883,True,True,float64,0
1.0503388814021588,10.0,3.6875,64,0.3,d5_K10_s0.00_C_a0.30_seed0,5,0.0008180927770713677,0.0005500098207466396,False,True,0.00022130238673831495,2705,0.9999999993803578,0.1600936207144406,C,0.2999999999999998,0.30822997702980237,0.30822997702980237,1.7772239894833365e-16,0.5000000000000001,0.5000000000000001,0.85,1.1278581617700882,0.55,0,0.9999999993803578,0.1600936207144406,0.15999999999999986,0.0005851294652546585,4.440892098500626e-16,0.00011151669191422631,0.04989422504082196,0.2382995778980643,True,0.999746501235446,0.8509123939141773,0.9864514223466834,0.0001367135395923258,0.00017056515130269457,0.8406517783755088,0.0005807006818297823,1996,2705,1.0005851294652546,0.0005851294652545747,0.04237530240605932,1.0754160238429904,5.378046896709066e-10,5.378046896709066e-10,float64,0.36875,0.008978331270024885,True,True,float64,0
1.0567197952177647,12.0,4.050000000000001,64,0.3,d5_K12_s0.00_C_a0.30_seed0,5,0.0005695154107769753,0.0003810217753268891,False,True,0.00015386126464369838,2730,0.9999999996948287,0.16006508091798108,C,0.2999999999999998,0.3047345228443167,0.3047345228443167,1.7772239894833365e-16,0.5000000000000001,0.5000000000000001,0.85,1.1278581617700882,0.55,0,0.9999999996948287,0.16006508091798108,0.15999999999999986,0.00040675573738258757,4.440892098500626e-16,7.782540705514318e-05,0.050251414438755415,0.23941804723874055,True,0.999824336577767,0.618637890985603,0.726324274031484,9.570973978856312e-05,0.00011912078598236978,0.8407729468241903,0.00040585087946153645,1994,2730,1.0004067557373826,0.0004067557373825803,0.035312752005049436,1.1534224152565002,5.517457601911246e-10,5.517457601911246e-10,float64,0.3375,0.006234952270850615,True,True,float64,0
1.066476700725845,16.0,4.62,64,0.3,d5_K16_s0.00_C_a0.30_seed0,5,0.00032598352428325707,0.00021682202854306963,False,True,8.66753483062979e-05,2769,0.9999999999023518,0.1600366493435081,C,0.2999999999999998,0.3003733323837301,0.3003733323837301,1.7772239894833365e-16,0.5000000000000001,0.5000000000000001,0.85,1.1278581617700882,0.55,0,0.9999999999023518,0.1600366493435081,0.15999999999999986,0.00022905839692638504,4.440892098500626e-16,4.396595229505529e-05,0.050806950247643354,0.24111511271928698,True,0.9999014655470734,0.33915125557765896,0.4512614771653793,5.4212586333979296e-05,6.717288877689584e-05,0.8409311490918983,0.00022952878423026702,1992,2769,1.0002290583969264,0.00022905839692644037,0.026484564003787077,1.3253982346504927,5.292176696869433e-10,5.292176696869433e-10,float64,0.28875,0.0035071606523534708,True,True,float64,0
1.0431082713874416,8.0,3.2600000000000002,64,0.3,d5_K8_s0.00_C_a0.30_seed1,5,0.0012840476635106643,0.0008668620096793751,False,True,0.0003455817201569793,2674,0.9999999985381653,0.16014609314363407,C,0.29999999999999993,0.3146981662886713,0.3146981662886713,2.618455766672135e-16,0.4999999999999999,0.5,0.85,1.15,0.6133280264642922,1,0.9999999985381653,0.16014609314363407,0.15999999999999986,0.0009130821477137612,4.440892098500626e-16,0.00016429244678861643,0.04949663179148488,0.2370349315567235,True,0.9996120878180894,1.128019585622535,1.2520501506045025,0.00021064695710404369,0.0002634728453816212,0.8406963552382019,0.000846527710164346,1997,2674,1.0009130821477137,0.0009130821477136841,0.052969128007574154,1.0077355951070786,6.934903762356726e-10,6.934903762356726e-10,float64,0.40750000000000003,0.014028642609413883,True,True,float64,0
1.0509632376385105,10.0,3.7,64,0.3,d5_K10_s0.00_C_a0.30_seed1,5,0.0008180933329374111,0.0005496865844537446,False,True,0.00022155108204734652,2704,0.9999999993728774,0.1600936614017314,C,0.29999999999999993,0.30905863961551355,0.30905863961551355,2.618455766672135e-16,0.4999999999999999,0.5,0.85,1.15,0.6133280264642922,1,0.9999999993728774,0.1600936614017314,0.15999999999999986,0.0005853837608220744,4.440892098500626e-16,0.00010714022497781972,0.049927022757805715,0.23841247271699595,True,0.9997512982569177,0.7981250824109433,0.9191170969738665,0.00013698590729505078,0.00017097048518427025,0.8408388806025036,0.0005545049061792643,1995,2704,1.000585383760822,0.0005853837608220669,0.04237530240605932,1.0743541829288006,6.496350124507444e-10,6.496350124507444e-10,float64,0.37,0.008978331270024885,True,True,float64,0
1.057566586208599,12.0,4.050000000000001,64,0.3,d5_K12_s0.00_C_a0.30_seed1,5,0.0005676498943411899,0.0003808611465870402,False,True,0.0001540339810606617,2730,0.9999999996924049,0.16006510395287024,C,0.29999999999999993,0.3053431938401106,0.3053431938401106,2.618455766672135e-16,0.4999999999999999,0.5,0.85,1.15,0.6133280264642922,1,0.9999999996924049,0.16006510395287024,0.15999999999999986,0.0004068997054398549,4.440892098500626e-16,7.522766578738072e-05,0.05029706330693409,0.2395693327556252,True,0.9998270913736776,0.5784718740003661,0.6874280234567176,9.587773360020257e-05,0.00011935487410924184,0.8409464357403064,0.0003902019570236658,1993,2730,1.0004068997054398,0.0004068997054398338,0.035312752005049436,1.1489840429276228,6.665188401200339e-10,6.665188401200339e-10,float64,0.3375,0.006234952270850615,True,True,float64,0
1.0673269399351035,16.0,4.62,64,0.3,d5_K16_s0.00_C_a0.30_seed1,5,0.00032618583055143654,0.0002167671182887679,False,True,8.677238085302749e-05,2769,0.99999999990188,0.1600366594551733,C,0.29999999999999993,0.3007509621407842,0.3007509621407842,2.618455766672135e-16,0.4999999999999999,0.5,0.85,1.15,0.6133280264642922,1,0.99999999990188,0.1600366594551733,0.15999999999999986,0.000229121594834056,4.440892098500626e-16,4.2831097735507306e-05,0.050852843502185066,0.24126384172917406,True,0.9999026172399885,0.31268610031497146,0.41529031784035114,5.4300116534733434e-05,6.729405042566037e-05,0.841082518872134,0.00022261995680283625,1991,2769,1.000229121594834,0.00022912159483401418,0.026484564003787077,1.3280795514583588,5.770073308042356e-10,5.770073308042356e-10,float64,0.28875,0.0035071606523534708,True,True,float64,0
1.0456939254842517,8.0,3.19,64,0.3,d5_K8_s0.00_C_a0.30_seed2,5,0.0012960998937070196,0.0008792552688066881,False,True,0.00034606389734962806,2681,0.9999999986005755,0.16014590478054433,C,0.30000000000000004,0.31549298855511754,0.31549298855511754,1.7772239894833365e-16,0.5,0.49999999999999994,0.8499999999999999,1.15,0.6171125770169896,2,0.9999999986005755,0.16014590478054433,0.15999999999999986,0.0009119048784029048,4.440892098500626e-16,0.00016385266900320605,0.04963169448639942,0.23750838033546492,True,0.9996116167696647,1.2595464353603036,1.416235245114028,0.00020727103394282964,0.00025853422597151287,0.840410434759174,0.0008403326054259751,1999,2681,1.000911904878403,0.0009119048784029804,0.052969128007574154,1.0070528099313378,6.564324639413144e-10,6.564324639413144e-10,float64,0.39875,0.014028642609413883,True,True,float64,0
1.0533314426909486,10.0,3.625,64,0.3,d5_K10_s0.00_C_a0.30_seed2,5,0.0008226990104597816,0.0005552197090039884,False,True,0.00022185810149610077,2710,0.9999999993899001,0.1600936104988182,C,0.30000000000000004,0.3095286061096193,0.3095286061096193,1.7772239894833365e-16,0.5,0.49999999999999994,0.8499999999999999,1.15,0.6171125770169896,2,0.9999999993899001,0.1600936104988182,0.15999999999999986,0.0005850656176146363,4.440892098500626e-16,0.00010691706081444874,0.050050733259540875,0.23883963686710064,True,0.9997510290388173,0.9139630132790771,1.069687554769422,0.00013565924261882412,0.00016897427899507545,0.8405451660142429,0.0005514548744128537,1997,2710,1.0005850656176147,0.0005850656176147329,0.04237530240605932,1.080685243010521,6.304718969118994e-10,6.304718969118994e-10,float64,0.3625,0.008978331270024885,True,True,float64,0
1.0594986755326736,12.0,3.99,64,0.3,d5_K12_s0.00_C_a0.30_seed2,5,0.0005709235333396607,0.0003836955353559173,False,True,0.00015424682059736342,2734,0.9999999996973531,0.1600650888275215,C,0.30000000000000004,0.30555381419231686,0.30555381419231686,1.7772239894833365e-16,0.5,0.49999999999999994,0.8499999999999999,1.15,0.6171125770169896,2,0.9999999996973531,0.1600650888275215,0.15999999999999986,0.0004068051720101596,4.440892098500626e-16,7.511475997390438e-05,0.050396279173161494,0.2399130782040379,True,0.9998268964474458,0.6587169534106974,0.8140924242958064,9.531175193178143e-05,0.00011849543771244316,0.8406451399583885,0.000388570720474722,1995,2734,1.00040680517201,0.00040680517201008293,0.035312752005049436,1.1668725367635489,6.538760644048125e-10,6.538760644048125e-10,float64,0.3325,0.006234952270850615,True,True,float64,0
1.0690422156604915,16.0,4.5600000000000005,64,0.3,d5_K16_s0.00_C_a0.30_seed2,5,0.0003274781761523613,0.00021779971190647677,False,True,8.689207004227304e-05,2772,0.9999999999024596,0.16003666013470094,C,0.30000000000000004,0.3005870518423717,0.3005870518423717,1.7772239894833365e-16,0.5,0.49999999999999994,0.8499999999999999,1.15,0.6171125770169896,2,0.9999999999024596,0.16003666013470094,0.15999999999999986,0.00022912584188173482,4.440892098500626e-16,4.28083816824687e-05,0.05094069871497928,0.24156341552762353,True,0.9999025029437669,0.3540259344341551,0.511728930650454,5.4178550032091266e-05,6.709529072354388e-05,0.8407778885142954,0.00022206705871143228,1993,2772,1.0002291258418818,0.0002291258418818387,0.026484564003787077,1.3296924969181418,5.762399446496147e-10,5.762399446496147e-10,float64,0.28500000000000003,0.0035071606523534708,True,True,float64,0
1.0473397487967284,8.0,3.19,64,0.3,d5_K8_s0.00_C_a0.30_seed3,5,0.0013543730883230696,0.0009339068831307677,False,True,0.0003468230011000353,2681,0.9999999984496236,0.16014490623774308,C,0.2999999999999997,0.3039847036765163,0.3039847036765163,1.6653345369377348e-16,0.5,0.5000000000000002,0.8499999999999999,1.1148219874884213,0.55,3,0.9999999984496236,0.16014490623774308,0.15999999999999986,0.0009056639858950895,4.440892098500626e-16,0.0001660032990403737,0.049752985515049544,0.23780859781674424,True,0.9996110647294896,1.1321124496630928,1.4156922760007733,0.00018672164269395441,0.00023169913653892752,0.8427871686239867,0.0008342211489723776,1986,2681,1.000905663985895,0.0009056639858950888,0.052969128007574154,1.0133751993998885,5.746823017460656e-10,5.746823017460656e-10,float64,0.39875,0.014028642609413883,True,True,float64,0
1.0544998936926966,10.0,3.6375,64,0.3,d5_K10_s0.00_C_a0.30_seed3,5,0.0008518564266512414,0.0005823184625375088,False,True,0.00022226734435134706,2709,0.9999999993969668,0.16009323266376146,C,0.2999999999999997,0.3004499056678495,0.3004499056678495,1.6653345369377348e-16,0.5,0.5000000000000002,0.8499999999999999,1.1148219874884213,0.55,3,0.9999999993969668,0.16009323266376146,0.15999999999999986,0.0005827041485099998,4.440892098500626e-16,0.00010833349727468189,0.050146138070107794,0.2390498169658279,True,0.9997506507795,0.7983703779469363,1.0357201233397393,0.00012488493512732846,0.00015459101026984241,0.8428984052543675,0.0005499572817241939,1984,2709,1.00058270414851,0.000582704148510027,0.04237530240605932,1.082237564958632,5.513101086762617e-10,5.513101086762617e-10,float64,0.36375,0.008978331270024885,True,True,float64,0
1.0604931655518612,12.0,4.005,64,0.3,d5_K12_s0.00_C_a0.30_seed3,5,0.0005868615330352052,0.00039921061019438124,False,True,0.00015449524582978761,2733,0.9999999997082037,0.16006492587629145,C,0.2999999999999997,0.2981488118541315,0.2999999999999997,1.6653345369377348e-16,0.5,0.5000000000000002,0.8499999999999999,1.1148219874884213,0.55,3,0.9999999997082037,0.16006492587629145,0.15999999999999986,0.0004057867268224272,4.440892098500626e-16,7.607484486227278e-05,0.050482607735444086,0.24009003243285007,True,0.9998266671297634,0.5770286415092925,0.770940367242517,8.898098727283532e-05,0.00010994552953985552,0.8429831799093456,0.0003883786867070941,1983,2733,1.0004057867268223,0.0004057867268223436,0.035312752005049436,1.1626824727281928,5.563398630670235e-10,5.563398630670235e-10,float64,0.33375,0.006234952270850615,True,True,float64,0
1.0698177873911783,16.0,4.58,64,0.3,d5_K16_s0.00_C_a0.30_seed3,5,0.0003334458175412955,0.00022402990941416696,False,True,8.70064551215487e-05,2771,0.9999999999056912,0.16003662306115576,C,0.2999999999999997,0.2953366370117166,0.2999999999999997,1.6653345369377348e-16,0.5,0.5000000000000002,0.8499999999999999,1.1148219874884213,0.55,3,0.9999999999056912,0.16003662306115576,0.15999999999999986,0.00022889413222437085,4.440892098500626e-16,4.329525553814495e-05,0.05101529434051047,0.24169896078231476,True,0.9999023970154448,0.313571475641722,0.46384729140188535,5.145157380859189e-05,6.337459079061644e-05,0.8430949917880848,0.00022232378766553904,1981,2771,1.0002288941322244,0.0002288941322243776,0.026484564003787077,1.3392568649724126,5.300118122164577e-10,5.300118122164577e-10,float64,0.28625,0.0035071606523534708,True,True,float64,0
1.0382699629908951,8.0,3.22,64,0.3,d5_K8_s0.00_C_a0.30_seed4,5,0.0013022503462971182,0.0008835911171689875,False,True,0.0003429471036795298,2678,0.9999999986806454,0.1601454363403048,C,0.2999999999999998,0.29574615098143375,0.2999999999999998,1.6653345369377348e-16,0.49999999999999994,0.4999999999999999,0.85,1.1061724587085662,0.55,4,0.9999999986806454,0.1601454363403048,0.15999999999999986,0.0009089771269057627,4.440892098500626e-16,0.0001661339801906081,0.04923990898665989,0.23614247379366607,True,0.9996108814857727,1.1247177628337603,1.3626298099873646,0.0002029047682111651,0.00025255784504506424,0.8392649031016177,0.0008616269388104267,2003,2678,1.0009089771269057,0.0009089771269057412,0.052969128007574154,1.012090309523046,5.246489909183083e-10,5.246489909183083e-10,float64,0.4025,0.014028642609413883,True,True,float64,0
1.0457829540841541,10.0,3.6625,64,0.3,d5_K10_s0.00_C_a0.30_seed4,5,0.0008280513691283324,0.000559599823233037,False,True,0.00021983380483148892,2707,0.9999999994237704,0.16009333139190243,C,0.2999999999999998,0.2914800363605663,0.2999999999999998,1.6653345369377348e-16,0.49999999999999994,0.4999999999999999,0.85,1.1061724587085662,0.55,4,0.9999999994237704,0.16009333139190243,0.15999999999999986,0.0005833211993910506,4.440892098500626e-16,0.00010797090069669668,0.049649376462302844,0.2374713466606404,True,0.9997516157332307,0.7928347723056773,0.9963525564766232,0.00013222999543749392,0.0001642718157962291,0.8393963778233715,0.0005625540622930497,2001,2707,1.000583321199391,0.0005833211993910847,0.04237530240605932,1.0814988743513823,5.067388730850553e-10,5.067388730850553e-10,float64,0.36625,0.008978331270024885,True,True,float64,0
1.0518625013209408,12.0,4.035,64,0.3,d5_K12_s0.00_C_a0.30_seed4,5,0.0005756497123665328,0.00038744054284472204,False,True,0.00015282712845422295,2731,0.9999999997129616,0.16006490829403197,C,0.2999999999999998,0.2900860590837252,0.2999999999999998,1.6653345369377348e-16,0.49999999999999994,0.4999999999999999,0.85,1.1061724587085662,0.55,4,0.9999999997129616,0.16006490829403197,0.15999999999999986,0.00040567683770066675,4.440892098500626e-16,7.561874037975702e-05,0.04998766461253272,0.23854554066921813,True,0.9998277930823736,0.5505565539845374,0.7400943884709832,9.276324260742985e-05,0.00011499841107863306,0.8394942647572053,0.0003949539350360891,2000,2731,1.0004056768377008,0.00040567683770076357,0.035312752005049436,1.1563283642753959,5.118532264702935e-10,5.118532264702935e-10,float64,0.33625,0.006234952270850615,True,True,float64,0
1.0615094399118745,16.0,4.6000000000000005,64,0.3,d5_K16_s0.00_C_a0.30_seed4,5,0.0003297537727927336,0.00021997803995884994,False,True,8.608353924690173e-05,2770,0.9999999999067936,0.1600365686543125,C,0.2999999999999998,0.28932911434249425,0.2999999999999998,1.6653345369377348e-16,0.49999999999999994,0.4999999999999999,0.85,1.1061724587085662,0.55,4,0.9999999999067936,0.1600365686543125,0.15999999999999986,0.00022855408945404046,4.440892098500626e-16,4.2921071504831154e-05,0.05053447074592153,0.24024038044588364,True,0.9999031935412228,0.2931370659664836,0.4921157206330025,5.2711047197617766e-05,6.507594994668095e-05,0.8396262522355366,0.00022470612526836559,1998,2770,1.000228554089454,0.0002285540894539917,0.026484564003787077,1.3297084216028452,5.298478322757205e-10,5.298478322757205e-10,float64,0.28750000000000003,0.0035071606523534708,True,True,float64,0
