dimension,group,amplitude,case_count,threshold_reached_count,threshold_maintained_count,metric_valid_count,K_t_f_num_min,K_t_f_num_mean,K_t_f_num_max,rate_ratio_min,rate_ratio_mean,rate_ratio_max,relative_rate_error_min,relative_rate_error_mean,relative_rate_error_max,fit_r_squared_min,fit_r_squared_mean,fit_r_squared_max,fit_count_min,fit_count_mean,fit_count_max,sphere_error_max_min,sphere_error_max_mean,sphere_error_max_max,initial_error_min,initial_error_mean,initial_error_max,initial_phi_min_min,initial_phi_min_mean,initial_phi_min_max,initial_phi_max_min,initial_phi_max_mean,initial_phi_max_max,p_relative_L2_error_min,p_relative_L2_error_mean,p_relative_L2_error_max,polar_logtan_relative_L2_error_min,polar_logtan_relative_L2_error_mean,polar_logtan_relative_L2_error_max,max_phi_error_min,max_phi_error_mean,max_phi_error_max,fast_phi_change_min,fast_phi_change_max,max_abs_rate_ratio_change_from_A,initial_error_over_rho_min,initial_error_over_rho_max
3,A,,9,9,9,9,0.9783212896053363,1.2229016120066702,1.4674819344080043,0.9993235810617163,0.9997102043992511,0.9999106934703614,8.930652963856645e-05,0.00028979560074909253,0.0006764189382837404,0.9999999961186983,0.9999999991217141,0.9999999999809227,1261.0,1487.7777777777778,1640.0,5.054908713830741e-10,5.256869014165962e-10,5.484537268785061e-10,0.00671497647731638,0.010352255402529218,0.015108697073961352,0.8424456514630194,0.8448238722987355,0.846642511761342,0.8533574882386582,0.8551761277012645,0.8575543485369806,,,,,,,,,,-0.00036665053390783076,-0.00011203045691299263,0.0,0.30000000000000066,0.3000000000000106
3,B,,9,9,9,9,1.9566425792106725,2.4458032240133405,2.9349638688160087,0.9993238199569999,0.9997102701481732,0.9999107049534046,8.929504659538345e-05,0.0002897298518269463,0.0006761800430000742,0.9999999961169215,0.9999999991220727,0.9999999999809527,1260.0,1486.5555555555557,1639.0,5.067773978240098e-10,5.25046993536825e-10,5.437674754915633e-10,0.02639961689700363,0.04071003943670477,0.05943449803287234,0.8424456514630194,0.8448238722987355,0.846642511761342,0.8533574882386582,0.8551761277012645,0.8575543485369806,,,,,,,,,,-0.0002904069953926225,-0.0001262608269558818,2.388952836662739e-07,1.1794360108118391,1.1801381232661645
3,C,0.05,45,45,45,45,2.9349638688160087,3.7774072015317155,4.402445803224013,0.9993236053345415,0.9997102184746108,0.9999106982289954,8.93017710046351e-05,0.00028978152538922233,0.0006763946654585462,0.9999999961199111,0.9999999991221599,0.9999999999808935,1262.0,1487.6,1639.0,5.046799644858879e-10,5.260904674860475e-10,5.512843515020904e-10,0.10409421981041946,0.11917252719174685,0.14399549780192247,0.7999999999999999,0.8016772003223644,0.8083860016118235,0.8848171844911107,0.8924559946976861,0.9000000000000001,,,,,,,,,,-0.0009491514628316988,-0.0004099321425715674,1.1985136072478753e-07,2.3764776886540746,5.2622469402929015
3,C,0.15,45,45,45,45,3.668704836020011,4.598110061145081,5.869927737632017,0.9993230978474889,0.9997099231683843,0.999910556514873,8.944348512696099e-05,0.0002900768316157512,0.0006769021525111496,0.9999999961126619,0.9999999991195249,0.9999999999806073,1272.0,1494.7111111111112,1643.0,5.064896280160269e-10,5.267651648210858e-10,5.511365808175128e-10,0.2956078669305125,0.3063723908988028,0.3376827938736763,0.7,0.7050316009670942,0.7251580048354708,0.9544515534733322,0.9773679840930596,0.9999999999999999,,,,,,,,,,-0.0031310040579780596,-0.0018767418912354339,4.832142274091566e-07,6.104049743332273,13.915469928908664
3,C,0.3,45,45,45,45,3.913285158421345,5.288370082144401,6.1145080600333515,0.9993215169279067,0.9997089364797938,0.999910092250046,8.990774995398798e-05,0.0002910635202063311,0.0006784830720932833,0.9999999960983901,0.9999999991117569,0.9999999999796009,1307.0,1517.4888888888888,1656.0,5.048310658395394e-10,5.273134743670008e-10,5.524675161794335e-10,0.5819464021807167,0.5971654885744927,0.6282137379813064,0.5500000000000002,0.5600632019341887,0.6003160096709419,1.0589031069466643,1.1047359681861186,1.15,,,,,,,,,,-0.009241940368122314,-0.006418809161689132,2.064133809542845e-06,11.78356646667599,26.89530441183228
5,A,,4,4,4,4,0.0,0.035,0.14,1.000230638488725,1.0005385581087494,1.0009229446320276,0.00023063848872495463,0.0005385581087493652,0.000922944632027578,0.9999999984344478,0.9999999993459401,0.9999999999018208,2993.0,2998.25,3000.0,5.046193463087434e-10,5.245386902608118e-10,5.492013510632887e-10,0.003973643418295338,0.005893988587846174,0.007946659957630255,0.8420567583935219,0.8441087624751953,0.8460283791967609,0.8539716208032391,0.8558912375248046,0.8579432416064781,6.616831627824632e-05,0.00015505493485716584,0.0002657794446601726,0.00023943059704889367,0.0005621091779122782,0.0009629330003527265,4.608616052825809e-05,0.0001082326077434248,0.00018554310335727742,-1.4069544588379834e-05,0.0,0.0,0.15002436809029493,0.15003620288886538
5,B,,4,4,4,4,1.07,1.40375,1.76,1.000228112056515,1.0005226090396502,1.0008850761719743,0.00022811205651507294,0.0005226090396502348,0.0008850761719743083,0.999999988925747,0.9999999963362802,0.9999999998351676,2893.0,2900.5,2912.0,4.955362786773776e-10,5.108147516086348e-10,5.283780080134193e-10,0.020403494542028944,0.030265178142783157,0.04080697540760186,0.8420567583935219,0.8441087624751953,0.8460283791967609,0.8539716208032391,0.8558912375248046,0.8579432416064781,5.1201933189477854e-05,0.0001235363847039776,0.00022168349181382897,0.00011095401986135367,0.0001934226445622131,0.00032069432362902826,2.480554414885372e-05,7.381925424579383e-05,0.0001579861525733417,-8.25796982121263e-05,-5.889561064986726e-05,3.7868460053269715e-05,0.7703916779933926,0.7703919361901298
5,C,0.05,20,20,20,20,1.6400000000000001,2.257625,2.92,1.0002290816167805,1.0005294732497647,1.0009025860494751,0.0002290816167804799,0.0005294732497648447,0.0009025860494751292,0.9999999948747059,0.9999999987722076,0.9999999999036908,2826.0,2840.45,2858.0,4.93620366803782e-10,5.206119479961302e-10,6.123537232838316e-10,0.0591767230135624,0.06894913753976753,0.08071240203038832,0.7999999999999999,0.8043480201160428,0.8111854295028316,0.892695409784761,0.8966284202655691,0.9,5.752216132880691e-05,0.0001249517206153429,0.00020413207008169545,0.00018620230474108908,0.00032343334353961205,0.0004712502658801199,3.7532140854890095e-05,6.894294600608974e-05,0.00010418218779340016,-0.0004863650623476712,-0.00032390432929152446,2.7368908222635824e-05,1.3450531709635536,2.4372971126928626
5,C,0.15,20,20,20,20,2.49,3.153,3.88,1.0002292119465226,1.0005326789715405,1.0009119012240828,0.00022921194652258947,0.0005326789715404456,0.0009119012240828006,0.9999999978234487,0.9999999993437128,0.9999999999047763,2743.0,2775.05,2809.0,4.967545264022988e-10,6.167712396365488e-10,8.039404697512964e-10,0.1519596350602181,0.16498706093129173,0.17725718941551913,0.7,0.7130440603481281,0.7335562885084949,0.9780862293542831,0.9898852607967076,1.0,6.151098269720712e-05,0.000141948976706054,0.00024278288361903673,0.00021407051079725949,0.0004581570918022246,0.0007779752556291317,4.175587998922481e-05,9.115285792361538e-05,0.00015495578515412056,-0.0030374320088332185,-0.0019241680962414076,1.9009249290657948e-05,3.0864075560856543,6.12923140186674
5,C,0.3,20,20,20,20,3.19,3.876124999999999,4.62,1.000228554089454,1.0005325202402116,1.0009130821477137,0.0002285540894539917,0.0005325202402116647,0.0009130821477136841,0.9999999984496236,0.999999999391273,0.9999999999067936,2674.0,2721.7,2772.0,5.067388730850553e-10,5.784909440365027e-10,6.934903762356726e-10,0.2999999999999997,0.3046134702849983,0.31549298855511754,0.55,0.5760881206962566,0.6171125770169896,1.1061724587085662,1.1297705215934153,1.15,6.337459079061644e-05,0.00015051230007005647,0.0002634728453816212,0.00022206705871143228,0.0005083434166638383,0.0008957862320829515,4.28083816824687e-05,9.852156184466664e-05,0.0001725872893781899,-0.010735096898382257,-0.006905008211915087,1.7280646132489252e-05,5.66367639575079,11.355707501840666
