case_index,N,K,sigma_omega,rho,Lambda_K,eta,t_f_num,phi_tf,fast_threshold,fast_threshold_reached,threshold_reached,T_eta_sim,T_eta_pred,slow_time_sim,slow_time_pred,log_factor,scaled_slow_time,relative_error_total,relative_error_slow,signed_relative_error_slow,interval_time_from_eta082,interval_log_factor,scaled_interval_time,relative_error_interval,max_E_lock_over_rho_squared,locking_threshold_maintained_at_saved_times,individual_phi_min_before_hit,individual_phi_max_before_hit,sphere_norm_error_before_hit,sphere_norm_error_max,locked_profile_residual
0,28,6.0,0.2,0.055708601453115576,0.006675573436956211,0.84,0.1364256480218281,0.8496256404506927,0.015517241379310355,True,True,3.0604629638502465,3.040792031077229,2.9240373158284183,2.9043663830554007,0.019388311077913223,0.01951962583421293,0.006427436961455777,0.00677288268029176,0.00677288268029176,nan,nan,nan,nan,2.3369870629382254,True,0.8397003033336767,0.8530113237173652,4.0936021239446063e-10,6.740692448659047e-10,3.6637359812630166e-15
0,28,6.0,0.2,0.055708601453115576,0.006675573436956211,0.82,0.1364256480218281,0.8496256404506927,0.015517241379310355,True,True,9.079099383187403,9.05711348720821,8.942673735165576,8.920687839186384,0.05955070677865093,0.0596974752418373,0.002421594373105485,0.0024645964947470037,0.0024645964947470037,nan,nan,nan,nan,2.3369870629382254,True,0.8197521888174029,0.8530113237173652,4.5991688235602624e-10,6.740692448659047e-10,3.6637359812630166e-15
0,28,6.0,0.2,0.055708601453115576,0.006675573436956211,0.7,0.1364256480218281,0.8496256404506927,0.015517241379310355,True,True,45.18190635881763,45.142673514416416,45.0454807107958,45.00624786639459,0.3004425127539709,0.30070441448791185,0.0008683308776225552,0.0008717199558087869,0.0008717199558087869,36.10280697563022,0.2408918059753199,0.24100693924607453,0.00047794598196680124,2.3369870629382254,True,0.6995909318365613,0.8530113237173652,4.6560477695578584e-10,6.740692448659047e-10,3.6637359812630166e-15
0,28,6.0,0.2,0.055708601453115576,0.006675573436956211,0.5,0.1364256480218281,0.8496256404506927,0.015517241379310355,True,True,110.08225375247214,109.99846774159077,109.94582810445031,109.86204209356895,0.733392129929594,0.7339514495982222,0.0007611218704675821,0.0007626474921157197,0.0007626474921157197,101.00315436928474,0.6738414231509432,0.6742539743563849,0.0006122378222350532,2.3369870629382254,True,0.4999262420365378,0.8530113237173652,4.862243940806366e-10,6.740692448659047e-10,3.6637359812630166e-15
0,28,6.0,0.2,0.055708601453115576,0.006675573436956211,0.3,0.1364256480218281,0.8496256404506927,0.015517241379310355,True,True,195.35765168006824,195.19623640083302,195.22122603204642,195.0598107528112,1.302136091279172,1.3032136308295534,0.0008262552188105427,0.0008275168452806976,0.0008275168452806976,186.27855229688083,1.242585384500521,1.243516155587716,0.000749060063642404,2.3369870629382254,True,0.29996815225876483,0.8530113237173652,5.133783398392211e-10,6.740692448659047e-10,3.6637359812630166e-15
1,28,6.0,0.24,0.06685032174373866,0.009618490675457532,0.84,0.0,0.85,0.022344827586206886,True,True,2.1369298787515882,2.094225318295176,2.1369298787515882,2.094225318295176,0.020143286696329234,0.020554040112878747,0.01998407195343273,0.02039157873001759,0.02039157873001759,nan,nan,nan,nan,4.487637339278757,True,0.839718482918694,0.8600275482615607,4.025128008677825e-10,9.101894793417387e-10,2.7478019859472624e-14
1,28,6.0,0.24,0.06685032174373866,0.009618490675457532,0.82,0.0,0.85,0.022344827586206886,True,True,6.314786987645251,6.269765645346258,6.314786987645251,6.269765645346258,0.060305682397066955,0.0607387197581664,0.007129510842895608,0.007180705762488935,0.007180705762488935,nan,nan,nan,nan,4.487637339278757,True,0.8194712641482068,0.8600275482615607,4.551523602458474e-10,9.101894793417387e-10,2.7478019859472624e-14
1,28,6.0,0.24,0.06685032174373866,0.009618490675457532,0.7,0.0,0.85,0.022344827586206886,True,True,31.37670141169625,31.31442328482161,31.37670141169625,31.31442328482161,0.3011974883723869,0.30179650995501556,0.001984852584007528,0.0019888000589435256,0.0019888000589435256,25.061914424050997,0.2408918059753199,0.24105779019684914,0.0006890405460543266,4.487637339278757,True,0.6999325345555332,0.8600275482615607,4.6218051608093447e-10,9.101894793417387e-10,2.7478019859472624e-14
1,28,6.0,0.24,0.06685032174373866,0.009618490675457532,0.5,0.0,0.85,0.022344827586206886,True,True,76.43351056913315,76.32664316255504,76.43351056913315,76.32664316255504,0.7341471055480101,0.735175008701692,0.0013981747767746933,0.0014001324065897598,0.0014001324065897598,70.1187235814879,0.6738414231509432,0.6744362889435256,0.0008827978989488989,4.487637339278757,True,0.49953795977803306,0.8600275482615607,4.796348873625789e-10,9.101894793417387e-10,2.7478019859472624e-14
1,28,6.0,0.24,0.06685032174373866,0.009618490675457532,0.3,0.0,0.85,0.022344827586206886,True,True,135.64146844998373,135.45691427679347,135.64146844998373,135.45691427679347,1.3028910668975882,1.3046661994915356,0.001360602884200686,0.0013624566466438066,0.0013624566466438066,129.32668146233848,1.242585384500521,1.2439274797333693,0.0010800829058420858,4.487637339278757,True,0.2996879825077068,0.8600275482615607,5.028801819406681e-10,9.101894793417387e-10,2.7478019859472624e-14
2,28,6.0,0.28,0.07799204203436179,0.01310097036219451,0.84,0.0,0.85,0.030413793103448283,True,True,1.5799396136930797,1.5375415819927924,1.5799396136930797,1.5375415819927924,0.020143286696329234,0.02069874205305008,0.026835222898919917,0.02757520980039813,0.02757520980039813,nan,nan,nan,nan,3.8465462908103767,True,0.8383011936948456,0.8616988063051543,3.999013342692592e-10,1.2100371815648714e-09,4.996003610813204e-16
2,28,6.0,0.28,0.07799204203436179,0.01310097036219451,0.82,0.0,0.85,0.030413793103448283,True,True,4.647866515928139,4.6031462349606675,4.647866515928139,4.6031462349606675,0.060305682397066955,0.06089156147261081,0.009621679283218642,0.009715155392592795,0.009715155392592795,nan,nan,nan,nan,3.8465462908103767,True,0.8190851614349807,0.8616988063051543,4.5344084043108523e-10,1.2100371815648714e-09,4.996003610813204e-16
2,28,6.0,0.28,0.07799204203436179,0.01310097036219451,0.7,0.0,0.85,0.030413793103448283,True,True,23.05246161006574,22.990471701359844,23.05246161006574,22.990471701359844,0.3011974883723869,0.302009616329098,0.0026890797934928236,0.002696330441198822,0.002696330441198822,18.4045950941376,0.2408918059753199,0.2411180548564872,0.0009392136866228563,3.8465462908103767,True,0.6998933435392869,0.8616988063051543,4.582622059601249e-10,1.2100371815648714e-09,4.996003610813204e-16
2,28,6.0,0.28,0.07799204203436179,0.01310097036219451,0.5,0.0,0.85,0.030413793103448283,True,True,56.144232424591664,56.03761288297694,56.144232424591664,56.03761288297694,0.7341471055480101,0.7355439250027355,0.0018990292860077708,0.0019026424597597437,0.0019026424597597437,51.49636590866353,0.6738414231509432,0.6746523635301247,0.001203458783209663,3.8465462908103767,True,0.49958063488944904,0.8616988063051543,4.694985511477512e-10,1.2100371815648714e-09,4.996003610813204e-16
2,28,6.0,0.28,0.07799204203436179,0.01310097036219451,0.3,0.0,0.85,0.030413793103448283,True,True,99.63433472172245,99.44996674882518,99.63433472172245,99.44996674882518,1.3028910668975882,1.3053064662462532,0.0018504461681027426,0.0018538766670774484,0.0018538766670774484,94.98646820579431,1.242585384500521,1.2444149047736424,0.001472349744284768,3.8465462908103767,True,0.29960926020655076,0.8616988063051543,4.917257712122591e-10,1.2100371815648714e-09,4.996003610813204e-16
3,28,6.0,0.32,0.08913376232498489,0.01712528098112334,0.84,0.0,0.85,0.03972413793103448,True,True,1.2183037386367008,1.1762310188389054,1.2183037386367008,1.1762310188389054,0.020143286696329234,0.02086379384450655,0.0345338510122898,0.03576909563167843,0.03576909563167843,nan,nan,nan,nan,3.365728004459073,True,0.8366299356512523,0.8633700643487477,4.2474657124813575e-10,1.2805789761927144e-09,4.440892098500626e-16
3,28,6.0,0.32,0.08913376232498489,0.01712528098112334,0.82,0.0,0.85,0.03972413793103448,True,True,3.5658523204452264,3.5214419234078567,3.5658523204452264,3.5214419234078567,0.060305682397066955,0.06106622292481516,0.012454356783857133,0.012611423957374756,0.012611423957374756,nan,nan,nan,nan,3.365728004459073,True,0.8188843915845156,0.8633700643487477,4.314143486894295e-10,1.2805789761927144e-09,4.440892098500626e-16
3,28,6.0,0.32,0.08913376232498489,0.01712528098112334,0.7,0.0,0.85,0.03972413793103448,True,True,17.649587637260648,17.587885927500253,17.649587637260648,17.587885927500253,0.3011974883723869,0.3022541474890494,0.0034959292550345474,0.003508193651854319,0.003508193651854319,14.083735316815421,0.2408918059753199,0.2411879245642342,0.0012292596990395612,3.365728004459073,True,0.6991672815246459,0.8633700643487477,4.525292363055655e-10,1.2805789761927144e-09,4.440892098500626e-16
3,28,6.0,0.32,0.08913376232498489,0.01712528098112334,0.5,0.0,0.85,0.03972413793103448,True,True,42.9755498266541,42.86920059047425,42.9755498266541,42.86920059047425,0.7341471055480101,0.7359683660997179,0.002474645155415625,0.0024807842160575466,0.0024807842160575466,39.40969750620888,0.6738414231509432,0.6749021431749028,0.0015741389405827927,3.365728004459073,True,0.4989362009841759,0.8633700643487477,4.666051989232756e-10,1.2805789761927144e-09,4.440892098500626e-16
3,28,6.0,0.32,0.08913376232498489,0.01712528098112334,0.3,0.0,0.85,0.03972413793103448,True,True,76.26414541289333,76.07998188956574,76.26414541289333,76.07998188956574,1.3028910668975882,1.3060449189810468,0.0024148113419553093,0.002420656771381905,0.002420656771381905,72.6982930924481,1.242585384500521,1.2449786960562315,0.00192607412380958,3.365728004459073,True,0.2992903019946655,0.8633700643487477,4.864326719200562e-10,1.2805789761927144e-09,4.440892098500626e-16
4,28,6.0,0.36,0.100275482615608,0.021694059674450296,0.84,0.0,0.8499999999999999,0.050275862068965504,True,True,0.9702019707988919,0.9285162389431679,0.9702019707988919,0.9285162389431679,0.020143286696329234,0.021047619450780444,0.04296603502196432,0.04489499494717561,0.04489499494717561,nan,nan,nan,nan,2.9917582261858477,True,0.8349586776076589,0.8650413223923412,4.066600389762698e-10,1.7891995662822069e-09,6.661338147750939e-16
4,28,6.0,0.36,0.100275482615608,0.021694059674450296,0.82,0.0,0.8499999999999999,0.050275862068965504,True,True,2.8239163673810097,2.7798246756041904,2.8239163673810097,2.7798246756041904,0.06030568239706675,0.06126221018962053,0.0156136677013956,0.01586132109833004,0.01586132109833004,nan,nan,nan,nan,2.9917582261858477,True,0.8194150101097004,0.8650413223923412,4.410545262345522e-10,1.7891995662822069e-09,6.661338147750939e-16
4,28,6.0,0.36,0.100275482615608,0.021694059674450296,0.7,0.0,0.8499999999999999,0.050275862068965504,True,True,13.945270659446555,13.883869266162087,13.945270659446555,13.883869266162087,0.30119748837238675,0.3025295338623944,0.0044030262863972965,0.004422498664267644,0.004422498664267644,11.121354292065545,0.2408918059753199,0.24126732367277387,0.0015588645530452301,2.9917582261858477,True,0.6987232121514878,0.8650413223923412,4.540930964580525e-10,1.7891995662822069e-09,6.661338147750939e-16
4,28,6.0,0.36,0.100275482615608,0.021694059674450296,0.5,0.0,0.8499999999999999,0.050275862068965504,True,True,33.947035783217615,33.84092772698675,33.947035783217615,33.84092772698675,0.7341471055480101,0.7364490200518224,0.003125694299451107,0.003135494897979688,0.003135494897979688,31.123119415836605,0.6738414231509432,0.6751868098622019,0.00199659246973505,2.9917582261858477,True,0.49967156528139844,0.8650413223923412,4.598720293458314e-10,1.7891995662822069e-09,6.661338147750939e-16
4,28,6.0,0.36,0.100275482615608,0.021694059674450296,0.3,0.0,0.8499999999999999,0.050275862068965504,True,True,60.24153034292677,60.05750359542152,60.24153034292677,60.05750359542152,1.3028910668975877,1.3068833541396616,0.0030548152820433347,0.003064175773021636,0.003064175773021636,57.41761397554576,1.242585384500521,1.245621143950041,0.002443099273005159,2.9917582261858477,True,0.29956213111043817,0.8650413223923412,4.981264289938281e-10,1.7891995662822069e-09,6.661338147750939e-16
5,28,7.5,0.2,0.04456688116249246,0.005337889248366103,0.84,0.1364256480218281,0.8496958204006704,0.009931034482758627,True,True,3.808276228375832,3.7951449253614298,3.6718505803540036,3.6587192773396016,0.019529838293300857,0.019599931734478472,0.003448096258501266,0.003589043602151024,0.003589043602151024,nan,nan,nan,nan,2.374091122777952,True,0.8400138646958094,0.8518801971029917,4.703142320039433e-10,6.11198980315919e-10,2.7200464103316335e-15
5,28,7.5,0.2,0.04456688116249246,0.005337889248366103,0.82,0.1364256480218281,0.8496958204006704,0.009931034482758627,True,True,11.33414853555482,11.319166843394143,11.197722887532993,11.182741195372316,0.059692233994038585,0.0597722046075454,0.0013218189362598134,0.0013397155401287217,0.0013397155401287217,nan,nan,nan,nan,2.374091122777952,True,0.8197105493192658,0.8518801971029917,4.718782031787327e-10,6.11198980315919e-10,2.7200464103316335e-15
5,28,7.5,0.2,0.04456688116249246,0.005337889248366103,0.7,0.1364256480218281,0.8496958204006704,0.009931034482758627,True,True,56.47660059082615,56.447830022206915,56.340174942804325,56.31140437418509,0.3005840399693585,0.30073761407826055,0.000509424581477203,0.0005109190392068023,0.0005109190392068023,45.142452055271335,0.2408918059753199,0.24096540947071515,0.00030554586569374185,2.374091122777952,True,0.7000348370419135,0.8518801971029917,4.794831198751126e-10,6.11198980315919e-10,2.7200464103316335e-15
5,28,7.5,0.2,0.04456688116249246,0.005337889248366103,0.5,0.1364256480218281,0.8496958204006704,0.009931034482758627,True,True,137.62099506607038,137.5565973703018,137.48456941804855,137.42017172227997,0.7335336571449819,0.7338774049128445,0.00046793511220915034,0.00046861894408571213,0.00046861894408571213,126.28684653051556,0.6738414231509432,0.6741052003052991,0.00039145286308229056,2.374091122777952,True,0.49996493473993103,0.8518801971029917,4.959963550987823e-10,6.11198980315919e-10,2.7200464103316335e-15
5,28,7.5,0.2,0.04456688116249246,0.005337889248366103,0.3,0.1364256480218281,0.8496958204006704,0.009931034482758627,True,True,244.2315435503499,244.1050727856857,244.09511790232807,243.96864713766388,1.3022776184945597,1.3029527054294934,0.0005178314104136929,0.0005183894166238392,0.0005183894166238392,232.89739501479508,1.242585384500521,1.2431805008219479,0.00047893394598879307,2.374091122777952,True,0.2998645837723811,0.8518801971029917,5.294770177854957e-10,6.11198980315919e-10,2.7200464103316335e-15
6,28,7.5,0.24,0.05348025739499093,0.007689454201541264,0.84,0.1364256480218281,0.8495616570852211,0.014300689655172411,True,True,2.6540461936830497,2.641061455935745,2.5176205456612215,2.5046358079139166,0.019259282336494363,0.01935912788272129,0.004892430952486868,0.005184281765148067,0.005184281765148067,nan,nan,nan,nan,1.971013772736004,True,0.8397799192557469,0.8521390006876159,4.1315628696025897e-10,7.534685098065097e-10,3.0531133177191805e-15
6,28,7.5,0.24,0.05348025739499093,0.007689454201541264,0.82,0.1364256480218281,0.8495616570852211,0.014300689655172411,True,True,7.878947424307239,7.8641104068856755,7.742521776285411,7.727684758863847,0.059421678037232,0.059535766603182584,0.001883121770274827,0.0019199822307121406,0.0019199822307121406,nan,nan,nan,nan,1.971013772736004,True,0.8199352869308281,0.8521390006876159,4.679150400477283e-10,7.534685098065097e-10,3.0531133177191805e-15
6,28,7.5,0.24,0.05348025739499093,0.007689454201541264,0.7,0.1364256480218281,0.8495616570852211,0.014300689655172411,True,True,39.2203011966839,39.191666259554125,39.08387554866207,39.0552406115323,0.30031348401255203,0.3005336710501754,0.0007301049776791175,0.0007331906469247454,0.0007331906469247454,31.34135377237666,0.2408918059753199,0.24099790444699284,0.000440440351399166,1.971013772736004,True,0.6997976821383635,0.8521390006876159,4.745094317470944e-10,7.534685098065097e-10,3.0531133177191805e-15
6,28,7.5,0.24,0.05348025739499093,0.007689454201541264,0.5,0.1364256480218281,0.8495616570852211,0.014300689655172411,True,True,95.56028140754414,95.49600279996076,95.42385575952231,95.35957715193894,0.7332631011881752,0.7337573685973263,0.0006726498356491956,0.0006740655684845482,0.0006740655684845482,87.6813339832369,0.6738414231509432,0.6742216019941437,0.0005641963081206372,1.971013772736004,True,0.49981494601638077,0.8521390006876159,4.923934593392687e-10,7.534685098065097e-10,3.0531133177191805e-15
6,28,7.5,0.24,0.05348025739499093,0.007689454201541264,0.3,0.1364256480218281,0.8495616570852211,0.014300689655172411,True,True,169.58652488739975,169.46015505872313,169.45009923937792,169.3237294107013,1.3020070625377531,1.3029787775478185,0.0007451643269447346,0.0007463208441983828,0.0007463208441983828,161.70757746309252,1.242585384500521,1.2434430109446362,0.000690195180800289,1.971013772736004,True,0.2997612265003427,0.8521390006876159,5.252753787488018e-10,7.534685098065097e-10,3.0531133177191805e-15
7,28,7.5,0.28,0.06239363362748943,0.010470863889598106,0.84,0.0,0.85,0.0194648275862069,True,True,1.9580049443047354,1.9237463984552259,1.9580049443047354,1.9237463984552259,0.020143286696329234,0.020502003266975002,0.0174966595202722,0.017808244307575615,0.017808244307575615,nan,nan,nan,nan,4.808182863513006,True,0.8396279295746694,0.8593590450441234,4.182828527987681e-10,1.0576151066032935e-09,1.6042722705833512e-14
7,28,7.5,0.28,0.06239363362748943,0.010470863889598106,0.82,0.0,0.85,0.0194648275862069,True,True,5.795491222556634,5.759379840375484,5.795491222556634,5.759379840375484,0.060305682397066955,0.06068379976475104,0.006230944158900753,0.0062700122551382,0.0062700122551382,nan,nan,nan,nan,4.808182863513006,True,0.8197183192008992,0.8593590450441234,4.63054150579012e-10,1.0576151066032935e-09,1.6042722705833512e-14
7,28,7.5,0.28,0.06239363362748943,0.010470863889598106,0.7,0.0,0.85,0.0194648275862069,True,True,28.81521140382659,28.76529496974939,28.81521140382659,28.76529496974939,0.3011974883723869,0.3017201565594634,0.0017322945640638851,0.0017353006158878261,0.0017353006158878261,23.019720181269957,0.2408918059753199,0.24103635679471236,0.0006000653231321348,4.808182863513006,True,0.699535111602841,0.8593590450441234,4.706729450631997e-10,1.0576151066032935e-09,1.6042722705833512e-14
7,28,7.5,0.28,0.06239363362748943,0.010470863889598106,0.5,0.0,0.85,0.0194648275862069,True,True,70.19890819207761,70.11332716083928,70.19890819207761,70.11332716083928,0.7341471055480101,0.7350432128776381,0.0012191219698769106,0.0012206100423961547,0.0012206100423961547,64.40341696952098,0.6738414231509432,0.674359413112887,0.00076871196122329,4.808182863513006,True,0.49980873435623335,0.8593590450441234,4.794321606382823e-10,1.0576151066032935e-09,1.6042722705833512e-14
7,28,7.5,0.28,0.06239363362748943,0.010470863889598106,0.3,0.0,0.85,0.0194648275862069,True,True,124.57784721902168,124.43014068704468,124.57784721902168,124.43014068704468,1.3028910668975882,1.3044376818895238,0.001185656481262748,0.0011870639313065578,0.0011870639313065578,118.78235599646504,1.242585384500521,1.243753882124773,0.000940376121292913,4.808182863513006,True,0.29970972396175144,0.8593590450441234,5.104122680066325e-10,1.0576151066032935e-09,1.6042722705833512e-14
8,28,7.5,0.32,0.07130700985998792,0.013683270233600458,0.84,0.0,0.85,0.02542344827586207,True,True,1.5061788391215973,1.4721105665855845,1.5061788391215973,1.4721105665855845,0.020143286696329234,0.020609452075831446,0.022619008879371492,0.02314246858171177,0.02314246858171177,nan,nan,nan,nan,4.207160005573835,True,0.8392246391306973,0.8606960514789982,4.094405925414435e-10,1.4666042824629244e-09,8.881784197001252e-16
8,28,7.5,0.32,0.07130700985998792,0.013683270233600458,0.82,0.0,0.85,0.02542344827586207,True,True,4.443176621866913,4.407256552529462,4.443176621866913,4.407256552529462,0.060305682397066955,0.06079718641262096,0.008084321735191018,0.008150210660379015,0.008150210660379015,nan,nan,nan,nan,4.207160005573835,True,0.8197133450052443,0.8606960514789982,4.562665800733612e-10,1.4666042824629244e-09,8.881784197001252e-16
8,28,7.5,0.32,0.07130700985998792,0.013683270233600458,0.7,0.0,0.85,0.02542344827586207,True,True,22.061833240492266,22.012098221430307,22.061833240492266,22.012098221430307,0.3011974883723869,0.30187802607828496,0.002254346613892249,0.0022594401752004563,0.0022594401752004563,17.61865661862535,0.2408918059753199,0.24108083966566396,0.0007847244516213718,4.207160005573835,True,0.699849886215821,0.8606960514789982,4.690173804888786e-10,1.4666042824629244e-09,8.881784197001252e-16
8,28,7.5,0.32,0.07130700985998792,0.013683270233600458,0.5,0.0,0.85,0.02542344827586207,True,True,53.73830916187633,53.65289824834769,53.73830916187633,53.65289824834769,0.7341471055480101,0.7353158061587212,0.0015893859494417056,0.001591916118553207,0.001591916118553207,49.29513254000942,0.6738414231509432,0.6745186197461002,0.0010049791714945898,4.207160005573835,True,0.5000197511899301,0.8606960514789982,4.822612309496321e-10,1.4666042824629244e-09,8.881784197001252e-16
8,28,7.5,0.32,0.07130700985998792,0.013683270233600458,0.3,0.0,0.85,0.02542344827586207,True,True,95.36538467984074,95.21781304137559,95.36538467984074,95.21781304137559,1.3028910668975882,1.304910329505522,0.0015474339977820809,0.0015498322609134576,0.0015498322609134576,90.92220805797383,1.242585384500521,1.244113143092901,0.0012294998890512374,4.207160005573835,True,0.29955392145796317,0.8606960514789982,5.150451176660908e-10,1.4666042824629244e-09,8.881784197001252e-16
9,28,7.5,0.36,0.0802203860924864,0.017328008728552908,0.84,0.0,0.8500000000000002,0.03217655172413793,True,True,1.196337176436974,1.162469791646502,1.196337176436974,1.162469791646502,0.020143286696329667,0.020730141035592224,0.028309230422261328,0.029133991294950302,0.029133991294950302,nan,nan,nan,nan,3.739697782732373,True,0.8379669420861269,0.862033057913873,4.163366318366002e-10,1.6434842375900871e-09,7.771561172376096e-16
9,28,7.5,0.36,0.0802203860924864,0.017328008728552908,0.82,0.0,0.8500000000000002,0.03217655172413793,True,True,3.5159688393409345,3.480243075922296,3.5159688393409345,3.480243075922296,0.06030568239706737,0.06092473873741975,0.01016100114963905,0.010265306945311713,0.010265306945311713,nan,nan,nan,nan,3.739697782732373,True,0.8198767960626102,0.862033057913873,4.163366318366002e-10,1.6434842375900871e-09,7.771561172376096e-16
9,28,7.5,0.36,0.0802203860924864,0.017328008728552908,0.7,0.0,0.8500000000000002,0.03217655172413793,True,True,17.431667364031963,17.382117766138773,17.431667364031963,17.382117766138773,0.30119748837238725,0.3020560842371767,0.002842504785022988,0.0028506076509109196,0.0028506076509109196,13.915698524691027,0.2408918059753199,0.24113134549975695,0.0009943863531065964,3.739697782732373,True,0.6998806733548194,0.862033057913873,4.634611583398396e-10,1.6434842375900871e-09,7.771561172376096e-16
9,28,7.5,0.36,0.0802203860924864,0.017328008728552908,0.5,0.0,0.8500000000000002,0.03217655172413793,True,True,42.45291015406595,42.367655571311595,42.45291015406595,42.367655571311595,0.7341471055480105,0.7356243977021271,0.0020082152777030995,0.0020122563215907233,0.0020122563215907233,38.93694131472501,0.6738414231509432,0.6746996589647073,0.0012736465647227631,3.739697782732373,True,0.4993082817850163,0.862033057913873,4.70549155195954e-10,1.6434842375900871e-09,7.771561172376096e-16
9,28,7.5,0.36,0.0802203860924864,0.017328008728552908,0.3,0.0,0.8500000000000002,0.03217655172413793,True,True,75.3373593053755,75.18988980832508,75.3373593053755,75.18988980832508,1.3028910668975884,1.3054464196296733,0.001957455084835988,0.0019612942301996906,0.0019612942301996906,71.82139046603457,1.242585384500521,1.2445216808922537,0.001558280353113101,3.739697782732373,True,0.2995646845236167,0.862033057913873,5.101726818779184e-10,1.6434842375900871e-09,7.771561172376096e-16
10,28,9.0,0.2,0.03713906763541039,0.004447079603987164,0.84,0.1364256480218281,0.8497429736792587,0.006896551724137937,True,True,4.55854059321573,4.549418521867012,4.4221149451939015,4.412992873845184,0.019624930601817615,0.019665497179258612,0.002001094684183276,0.0020670940582709343,0.0020670940582709343,nan,nan,nan,nan,2.3144036898342852,True,0.8399046820676203,0.8512096253117662,4.831985922493232e-10,5.919571499646281e-10,3.164135620181696e-15
10,28,9.0,0.2,0.03713906763541039,0.004447079603987164,0.82,0.1364256480218281,0.8497429736792587,0.006896551724137937,True,True,13.59126672858064,13.580602866920984,13.454841080558813,13.444177218899156,0.05978732630255531,0.05983474934424171,0.0007846113149432871,0.0007931955586442623,0.0007931955586442623,nan,nan,nan,nan,2.3144036898342852,True,0.8199678450659904,0.8512096253117662,4.831985922493232e-10,5.919571499646281e-10,3.164135620181696e-15
10,28,9.0,0.2,0.03713906763541039,0.004447079603987164,0.7,0.1364256480218281,0.8497429736792587,0.006896551724137937,True,True,67.77129503311211,67.74914209417949,67.63486938509028,67.61271644615766,0.30067913227787524,0.30077764816077085,0.0003268779048975986,0.0003276445629907129,0.0003276445629907129,54.18002830453147,0.2408918059753199,0.2409428988165291,0.0002120987096358545,2.3144036898342852,True,0.7000099569768224,0.8512096253117662,4.915111651015991e-10,5.919571499646281e-10,3.164135620181696e-15
10,28,9.0,0.2,0.03713906763541039,0.004447079603987164,0.5,0.1364256480218281,0.8497429736792587,0.006896551724137937,True,True,165.15691671399804,165.10508256069355,165.02049106597622,164.96865691267172,0.7336287494534984,0.7338592600594488,0.0003138479110400117,0.00031420606965318175,0.00031420606965318175,151.5656499854174,0.6738414231509432,0.6740245107152071,0.0002717071969362615,2.3144036898342852,True,0.4999668014392994,0.8512096253117662,5.070468489520863e-10,5.919571499646281e-10,3.164135620181696e-15
10,28,9.0,0.2,0.03713906763541039,0.004447079603987164,0.3,0.1364256480218281,0.8497429736792587,0.006896551724137937,True,True,293.1001934999828,292.9966455629958,292.963767851961,292.860219914974,1.3023727108030763,1.302833196721686,0.0003532851198442461,0.000353574606401075,0.000353574606401075,279.5089267714022,1.242585384500521,1.2429984473774442,0.0003324221273448007,2.3144036898342852,True,0.2999476279375134,0.8512096253117662,5.392670754389428e-10,5.919571499646281e-10,3.164135620181696e-15
11,28,9.0,0.24,0.04456688116249244,0.006405467098039305,0.84,0.1364256480218281,0.8496296675527818,0.009931034482758616,True,True,3.1735625274408963,3.1645314675185836,3.037136879419068,3.0281058194967554,0.019396432196167813,0.01945428035336061,0.0028457167124402503,0.002982412260550957,0.002982412260550957,nan,nan,nan,nan,1.9201819504720705,True,0.8397967452648725,0.8513598597078931,4.1142833584473237e-10,6.848379641155589e-10,4.440892098500626e-16
11,28,9.0,0.24,0.04456688116249244,0.006405467098039305,0.82,0.1364256480218281,0.8496296675527818,0.009931034482758616,True,True,9.445123343323099,9.43454973254587,9.308697695301271,9.298124084524042,0.059558827896905586,0.0596265568128466,0.0011194783162576042,0.0011371767768541402,0.0011371767768541402,nan,nan,nan,nan,1.9201819504720705,True,0.8197831818963862,0.8513598597078931,4.8110515571409e-10,6.848379641155589e-10,4.440892098500626e-16
11,28,9.0,0.24,0.04456688116249244,0.006405467098039305,0.7,0.1364256480218281,0.8496296675527818,0.009931034482758616,True,True,47.06383384380507,47.04176904822326,46.927408195783244,46.90534340020143,0.3004506338722253,0.30059196919434955,0.00046882699048786993,0.00047041112978427936,0.00047041112978427936,37.618710500481974,0.2408918059753199,0.24096541238150299,0.00030555794907624297,1.9201819504720705,True,0.7001065759309251,0.8513598597078931,4.849336487922074e-10,6.848379641155589e-10,4.440892098500626e-16
11,28,9.0,0.24,0.04456688116249244,0.006405467098039305,0.5,0.1364256480218281,0.8496296675527818,0.009931034482758616,True,True,114.6841662226172,114.6324085049692,114.54774057459537,114.49598285694738,0.7334002510478487,0.7337317834053125,0.0004513065696228626,0.0004520483283039259,0.0004520483283039259,105.23904287929409,0.6738414231509432,0.6741052265924659,0.00039149187399179175,1.9201819504720705,True,0.49996493491593086,0.8513598597078931,5.013767179207207e-10,6.848379641155589e-10,4.440892098500626e-16
11,28,9.0,0.24,0.04456688116249244,0.006405467098039305,0.3,0.1364256480218281,0.8496296675527818,0.009931034482758616,True,True,203.52628743138973,203.42280468445605,203.3898617833679,203.28637903643423,1.3021442123974265,1.302807067728125,0.0005084490472443949,0.0005090490933243278,0.0005090490933243278,194.08116408806663,1.242585384500521,1.2431805109152783,0.00047894206883533516,1.9201819504720705,True,0.30002892804244524,0.8513598597078931,5.324544138929355e-10,6.848379641155589e-10,4.440892098500626e-16
12,28,9.0,0.28,0.05199469468957453,0.008721245792801346,0.84,0.1364256480218281,0.8494956192034504,0.01351724137931035,True,True,2.3384124318819968,2.329473883306471,2.2019867838601686,2.193048235284643,0.01912611269538661,0.019204067974544662,0.0038224859112349382,0.004075855893960901,0.004075855893960901,nan,nan,nan,nan,1.6386333689941353,True,0.8396513407466953,0.8514794237446083,4.190712221685544e-10,8.567755394039978e-10,2.55351295663786e-15
12,28,9.0,0.28,0.05199469468957453,0.008721245792801346,0.82,0.1364256480218281,0.8494956192034504,0.01351724137931035,True,True,6.945076885287618,6.934595290833887,6.8086512372657895,6.798169642812058,0.0592885083961245,0.05937992095765594,0.001509212155150535,0.0015418259626417037,0.0015418259626417037,nan,nan,nan,nan,1.6386333689941353,True,0.820105058965252,0.8514794237446083,4.684497234563878e-10,8.567755394039978e-10,2.55351295663786e-15
12,28,9.0,0.28,0.05199469468957453,0.008721245792801346,0.7,0.1364256480218281,0.8494956192034504,0.01351724137931035,True,True,34.57783590106646,34.555856254967665,34.44141025304463,34.41943060694584,0.30018031437144427,0.30037200426751065,0.0006356570770270303,0.0006385825015466698,0.0006385825015466698,27.632759015778838,0.2408918059753199,0.24099208330985467,0.0004162754068315817,1.6386333689941353,True,0.6998389673934876,0.8514794237446083,4.775034811999035e-10,8.567755394039978e-10,2.55351295663786e-15
12,28,9.0,0.28,0.05199469468957453,0.008721245792801346,0.5,0.1364256480218281,0.8494956192034504,0.01351724137931035,True,True,84.25063196606773,84.19894939344871,84.1142063180459,84.06252374542689,0.7331299315470675,0.7335806679660822,0.0006134383969942235,0.0006148110991234046,0.0006148110991234046,77.30555508078011,0.6738414231509432,0.6742007470084262,0.0005332469111246097,1.6386333689941353,True,0.4999133158278436,0.8514794237446083,4.965313715743491e-10,8.567755394039978e-10,2.55351295663786e-15
12,28,9.0,0.28,0.05199469468957453,0.008721245792801346,0.3,0.1364256480218281,0.8494956192034504,0.01351724137931035,True,True,149.51598204672257,149.4125639230413,149.37955639870074,149.27613827501946,1.3018738928966456,1.3027758277727002,0.0006916860810837101,0.0006927974214521057,0.0006927974214521057,142.57090516143495,1.242585384500521,1.2433959068150442,0.0006522870175629574,1.6386333689941353,True,0.30007444072334294,0.8514794237446083,5.30623767147631e-10,8.567755394039978e-10,2.55351295663786e-15
13,28,9.0,0.32,0.059422508216656594,0.011395079336690478,0.84,0.1364256480218281,0.8493407695851358,0.017655172413793104,True,True,1.7963197867088005,1.7874766674438227,1.6598941386869726,1.6510510194219945,0.01881385735523732,0.01891462540084556,0.004922909233873164,0.00535605451373262,0.00535605451373262,nan,nan,nan,nan,1.4275045293141015,True,0.8395648949125459,0.8515682523193883,4.315723334258337e-10,1.209548128322524e-09,1.2212453270876722e-14
13,28,9.0,0.32,0.059422508216656594,0.011395079336690478,0.82,0.1364256480218281,0.8493407695851358,0.017655172413793104,True,True,5.322402878514279,5.312015155861439,5.185977230492451,5.175589507839611,0.05897625305597519,0.059094621979731844,0.001951697924780181,0.0020070607680740507,0.0020070607680740507,nan,nan,nan,nan,1.4275045293141015,True,0.8194441220878391,0.8515682523193883,4.6329007297174485e-10,1.209548128322524e-09,1.2212453270876722e-14
13,28,9.0,0.32,0.059422508216656594,0.011395079336690478,0.7,0.1364256480218281,0.8493407695851358,0.017655172413793104,True,True,26.473887442144523,26.45200013162932,26.337461794122696,26.31557448360749,0.29986805903129493,0.30011746667108247,0.0008267509092888709,0.0008317245944540789,0.0008317245944540789,21.151484563630245,0.2408918059753199,0.24102284469135063,0.0005439733223809199,1.4275045293141015,True,0.6994819634254372,0.8515682523193883,4.76228279033819e-10,1.209548128322524e-09,1.2212453270876722e-14
13,28,9.0,0.32,0.059422508216656594,0.011395079336690478,0.5,0.1364256480218281,0.8493407695851358,0.017655172413793104,True,True,64.49803998928675,64.44643653555933,64.36161434126493,64.3100108875375,0.7328176762069183,0.7334057016561895,0.0008000778587379574,0.0008024171200602058,0.0008024171200602058,59.17563711077247,0.6738414231509432,0.6743110796764576,0.0006969837551961321,1.4275045293141015,True,0.500026247283977,0.8515682523193883,4.930564845295748e-10,1.209548128322524e-09,1.2212453270876722e-14
13,28,9.0,0.32,0.059422508216656594,0.011395079336690478,0.3,0.1364256480218281,0.8493407695851358,0.017655172413793104,True,True,114.46115951467925,114.35780130493887,114.32473386665743,114.22137565691705,1.3015616375564962,1.302739412556586,0.0009029981015273804,0.0009048937569341517,0.0009048937569341517,109.13875663616497,1.242585384500521,1.2436447905768542,0.0008525821159235619,1.4275045293141015,True,0.2996800757886829,0.8515682523193883,5.194847885192644e-10,1.209548128322524e-09,1.2212453270876722e-14
14,28,9.0,0.36,0.06685032174373867,0.014427736013186277,0.84,0.0,0.85,0.022344827586206897,True,True,1.4246177787724172,1.3961502121967861,1.4246177787724172,1.3961502121967861,0.020143286696329234,0.020554009231820245,0.019982599543409738,0.020390045660515697,0.020390045660515697,nan,nan,nan,nan,4.487637339278768,True,0.8397184826789003,0.8600275482615607,4.4587533665207957e-10,1.5652614759886774e-09,4.141131881851834e-14
14,28,9.0,0.36,0.06685032174373867,0.014427736013186277,0.82,0.0,0.85,0.022344827586206897,True,True,4.2098576793443225,4.179843763564178,4.2098576793443225,4.179843763564178,0.060305682397066955,0.06073871525066489,0.007129437160645075,0.007180631018263652,0.007180631018263652,nan,nan,nan,nan,4.487637339278768,True,0.8201254404431375,0.8600275482615607,4.629234773290136e-10,1.5652614759886774e-09,4.141131881851834e-14
14,28,9.0,0.36,0.06685032174373867,0.014427736013186277,0.7,0.0,0.85,0.022344827586206897,True,True,20.91780593152155,20.876282189881106,20.91780593152155,20.876282189881106,0.3011974883723869,0.301796581955055,0.0019850906818993813,0.0019890391048924794,0.0019890391048924794,16.707948252177225,0.2408918059753199,0.24105786670439006,0.0006893581473135473,4.487637339278768,True,0.6996095405789227,0.8600275482615607,4.669266084889045e-10,1.5652614759886774e-09,4.141131881851834e-14
14,28,9.0,0.36,0.06685032174373867,0.014427736013186277,0.5,0.0,0.85,0.022344827586206897,True,True,50.95568560994731,50.884428775036774,50.95568560994731,50.884428775036774,0.7341471055480101,0.7351751803512345,0.001398407931471831,0.0014003662146934524,0.0014003662146934524,46.745827930602985,0.6738414231509432,0.6744364651005696,0.0008830593210550662,4.487637339278768,True,0.4998135714436621,0.8600275482615607,4.879325832263248e-10,1.5652614759886774e-09,4.141131881851834e-14
14,28,9.0,0.36,0.06685032174373867,0.014427736013186277,0.3,0.0,0.85,0.022344827586206897,True,True,90.42765162979843,90.30460951786245,90.42765162979843,90.30460951786245,1.3028910668975882,1.3046662860071057,0.001360669106389153,0.0013625230494093482,0.0013625230494093482,86.21779395045411,1.242585384500521,1.2439275707564406,0.00108015615881322,4.487637339278768,True,0.3000577772825313,0.8600275482615607,5.182680951065777e-10,1.5652614759886774e-09,4.141131881851834e-14
15,28,10.5,0.2,0.031833486544637475,0.0038111827506895524,0.84,0.1364256480218281,0.8497769552150575,0.005066854327938076,True,True,5.310233770529537,5.303708862077281,5.173808122507709,5.167283214055453,0.019693460653335812,0.01971832827187888,0.0012287422238297465,0.0012627348225288451,0.0012627348225288451,nan,nan,nan,nan,2.192475682761307,True,0.8400770239955975,0.8507901731444213,4.870570613491054e-10,5.791467305726883e-10,2.9976021664879227e-15
15,28,10.5,0.2,0.031833486544637475,0.0038111827506895524,0.82,0.1364256480218281,0.8497769552150575,0.005066854327938076,True,True,15.849594518547839,15.841748711641344,15.713168870526012,15.705323063619517,0.0598558563540735,0.059885758158020774,0.000495016254031835,0.0004995635476400745,0.0004995635476400745,nan,nan,nan,nan,2.192475682761307,True,0.8198837236770529,0.8507901731444213,4.938248698849179e-10,5.791467305726883e-10,2.9976021664879227e-15
15,28,10.5,0.2,0.031833486544637475,0.0038111827506895524,0.7,0.1364256480218281,0.8497769552150575,0.005066854327938076,True,True,79.06601530962051,79.048323083268,78.92958966159868,78.91189743524617,0.3007476623293934,0.30081509063728934,0.00022376524582940277,0.00022420226768750823,0.00022420226768750823,63.21642079107267,0.2408918059753199,0.24092933247926857,0.00015578157088711944,2.192475682761307,True,0.6999815467101123,0.8507901731444213,4.984637147487092e-10,5.791467305726883e-10,2.9976021664879227e-15
15,28,10.5,0.2,0.031833486544637475,0.0038111827506895524,0.5,0.1364256480218281,0.8497769552150575,0.005066854327938076,True,True,192.6912568617555,192.64812805123762,192.55483121373368,192.5117024032158,0.7336972795050165,0.73386165128372,0.00022382339095347454,0.0002240321496277522,0.0002240321496277522,176.84166234320767,0.6738414231509432,0.6739758931256993,0.00019955729959028915,2.192475682761307,True,0.49995646860612797,0.8507901731444213,5.186174822924272e-10,5.791467305726883e-10,2.9976021664879227e-15
15,28,10.5,0.2,0.031833486544637475,0.0038111827506895524,0.3,0.1364256480218281,0.8497769552150575,0.005066854327938076,True,True,341.96587673630734,341.8784322781015,341.8294510882855,341.7420066300797,1.3024412408545945,1.3027745076653519,0.0002557110640406156,0.00025587857655577,0.00025587857655577,326.1162822177595,1.242585384500521,1.2428887495073309,0.00024414016983772367,2.192475682761307,True,0.30001811614982127,0.8507901731444213,5.521368917627001e-10,5.791467305726883e-10,2.9976021664879227e-15
16,28,10.5,0.24,0.038200183853564953,0.005489155574766788,0.84,0.1364256480218281,0.8496786635127511,0.007296270232230823,True,True,3.6944821399316883,3.6880172619369307,3.55805649190986,3.5515916139151025,0.019495238906817057,0.01953072562790217,0.0017498739335838627,0.0018202762866734643,0.0018202762866734643,nan,nan,nan,nan,1.817634197627519,True,0.8397970381499436,0.850870996196393,4.727652713754082e-10,6.492175685934853e-10,3.3306690738754696e-16
16,28,10.5,0.24,0.038200183853564953,0.005489155574766788,0.82,0.1364256480218281,0.8496786635127511,0.007296270232230823,True,True,11.012483398348902,11.004697424066249,10.876057750327075,10.868271776044422,0.05965763460755477,0.05970037303169339,0.0007070134865147927,0.0007163948825622456,0.0007163948825622456,nan,nan,nan,nan,1.817634197627519,True,0.8200356900113259,0.850870996196393,4.834042055534837e-10,6.492175685934853e-10,3.3306690738754696e-16
16,28,10.5,0.24,0.038200183853564953,0.005489155574766788,0.7,0.1364256480218281,0.8496786635127511,0.007296270232230823,True,True,54.90737141787248,54.88973633290688,54.770945769850655,54.75331068488505,0.3005494405828747,0.30064624230782516,0.00032117882372100507,0.0003220825324536771,0.0003220825324536771,43.89488801952358,0.2408918059753199,0.24094586927613174,0.00022442980404812813,1.817634197627519,True,0.699942849385924,0.850870996196393,4.940063913494441e-10,6.492175685934853e-10,3.3306690738754696e-16
16,28,10.5,0.24,0.038200183853564953,0.005489155574766788,0.5,0.1364256480218281,0.8496786635127511,0.007296270232230823,True,True,133.806440525487,133.76336475871764,133.67001487746518,133.62693911069582,0.733499057758498,0.7337355073437974,0.0003219259596189446,0.0003223584035977013,0.0003223584035977013,122.7939571271381,0.6738414231509432,0.674035134312104,0.0002874729194519341,1.817634197627519,True,0.5000551909603566,0.850870996196393,5.105151856810153e-10,6.492175685934853e-10,3.3306690738754696e-16
16,28,10.5,0.24,0.038200183853564953,0.005489155574766788,0.3,0.1364256480218281,0.8496786635127511,0.007296270232230823,True,True,237.46305898996218,237.37565149441312,237.32663334194035,237.2392258463913,1.3022430191080758,1.3027228124495454,0.0003680888131435773,0.000368436101733256,0.000368436101733256,226.45057559161327,1.242585384500521,1.243022439417852,0.00035173028975116075,1.817634197627519,True,0.2999953923610175,0.850870996196393,5.429460214756432e-10,6.492175685934853e-10,3.3306690738754696e-16
17,28,10.5,0.28,0.04456688116249245,0.007473044947712522,0.84,0.1364256480218281,0.8495624027615064,0.009931034482758623,True,True,2.720197055182975,2.7137935333295373,2.5837714071611466,2.577367885307709,0.019260786053695283,0.01930863986032968,0.0023540654311188405,0.002484519920474255,0.002484519920474255,nan,nan,nan,nan,1.5499188250424079,True,0.8401586050182374,0.8509260040933843,4.74481010037664e-10,7.607087182393002e-10,4.440892098500626e-16
17,28,10.5,0.28,0.04456688116249245,0.007473044947712522,0.82,0.1364256480218281,0.8495624027615064,0.009931034482758623,True,True,8.095819511758702,8.088094903352912,7.9593938637368735,7.951669255331084,0.05942318175443295,0.059480908100252895,0.0009541478036373994,0.0009714448825459731,0.0009714448825459731,nan,nan,nan,nan,1.5499188250424079,True,0.8198558130805529,0.8509260040933843,4.814166842947998e-10,7.607087182393002e-10,4.440892098500626e-16
17,28,10.5,0.28,0.04456688116249245,0.007473044947712522,0.7,0.1364256480218281,0.8495624027615064,0.009931034482758623,True,True,40.34043127935301,40.322854316790696,40.204005631331185,40.18642866876887,0.30031498772975285,0.3004463411610253,0.00043571578203013237,0.0004373855339869521,0.0004373855339869521,32.24461176759431,0.2408918059753199,0.24096543306077237,0.00030564379371216357,1.5499188250424079,True,0.7000348366802964,0.8509260040933843,4.889338933722343e-10,7.607087182393002e-10,4.440892098500626e-16
17,28,10.5,0.28,0.04456688116249245,0.007473044947712522,0.5,0.1364256480218281,0.8495624027615064,0.009931034482758623,True,True,98.30071672408698,98.25768813685862,98.16429107606515,98.12126248883679,0.733264604905376,0.7335861594717701,0.0004377240437537917,0.00043852459840951875,0.00043852459840951875,90.20489721232828,0.6738414231509432,0.6741052513715172,0.0003915286468147661,1.5499188250424079,True,0.49996493557161087,0.8509260040933843,5.099685118636899e-10,7.607087182393002e-10,4.440892098500626e-16
17,28,10.5,0.28,0.04456688116249245,0.007473044947712522,0.3,0.1364256480218281,0.8495624027615064,0.009931034482758623,True,True,174.45110881751216,174.36374200499023,174.31468316949034,174.2273163569684,1.3020085662549539,1.3026614623718689,0.000500809728950058,0.0005014530117823697,0.0005014530117823697,166.35528930575347,1.242585384500521,1.243180554271616,0.0004789769608742823,1.5499188250424079,True,0.30002892812269477,0.8509260040933843,5.456042284635032e-10,7.607087182393002e-10,4.440892098500626e-16
18,28,10.5,0.32,0.05093357847141994,0.009763267670958996,0.84,0.1364256480218281,0.849428133083675,0.012971147079521465,True,True,2.0878130156203474,2.0814737171067175,1.9513873675985192,1.9450480690848895,0.01899002493135772,0.0190519171995924,0.003036334416061837,0.0032591988930186903,0.0032591988930186903,nan,nan,nan,nan,1.3491564610621636,True,0.8397866889521676,0.8509551515766756,4.16155110372074e-10,1.0103513581327661e-09,3.774758283725532e-15
18,28,10.5,0.32,0.05093357847141994,0.009763267670958996,0.82,0.1364256480218281,0.849428133083675,0.012971147079521465,True,True,6.202757937127134,6.195096026182748,6.066332289105306,6.05867037816092,0.05915242063209542,0.05922722591951651,0.0012352426165988628,0.0012646192095223001,0.0012646192095223001,nan,nan,nan,nan,1.3491564610621636,True,0.8198938879050224,0.8509551515766756,4.711656620415283e-10,1.0103513581327661e-09,3.774758283725532e-15
18,28,10.5,0.32,0.05093357847141994,0.009763267670958996,0.7,0.1364256480218281,0.849428133083675,0.012971147079521465,True,True,30.88589163179003,30.868372852532257,30.749465983768204,30.73194720451043,0.30004422660741537,0.30021526713857744,0.0005672097625228397,0.0005700510657912551,0.0005700510657912551,24.683133694662896,0.2408918059753199,0.24098804121906092,0.000399495712821743,1.3491564610621636,True,0.6998475270976402,0.8509551515766756,4.874524117681744e-10,1.0103513581327661e-09,3.774758283725532e-15
18,28,10.5,0.32,0.05093357847141994,0.009763267670958996,0.5,0.1364256480218281,0.849428133083675,0.012971147079521465,True,True,75.25609663528826,75.21311805125698,75.11967098726643,75.07669240323516,0.7329938437830387,0.7334134552030548,0.0005710977044100583,0.0005724624068470643,0.0005724624068470643,69.05333869816113,0.6738414231509432,0.6741862292835383,0.0005117021909736387,1.3491564610621636,True,0.5000006147611799,0.8509551515766756,4.989431090507424e-10,1.0103513581327661e-09,3.774758283725532e-15
18,28,10.5,0.32,0.05093357847141994,0.009763267670958996,0.3,0.1364256480218281,0.849428133083675,0.012971147079521465,True,True,133.5538812697657,133.4665615209384,133.41745562174387,133.33013587291657,1.3017378051326165,1.3025903312133784,0.0006538166318874745,0.0006549138216624699,0.0006549138216624699,127.35112333263856,1.242585384500521,1.2433631052938618,0.0006258892169840205,1.3491564610621636,True,0.30012172513657925,0.8509551515766756,5.319200635511834e-10,1.0103513581327661e-09,3.774758283725532e-15
19,28,10.5,0.36,0.05730027578034743,0.012360305837040373,0.84,0.1364256480218281,0.8492758106254321,0.01641660802251935,True,True,1.6542232653231332,1.6479473780111826,1.517797617301305,1.5115217299893544,0.01868287086200078,0.01876044274857529,0.003793857481943159,0.004152032476565698,0.004152032476565698,nan,nan,nan,nan,1.1930287190053457,True,0.839580624288938,0.8509583873716083,4.1664238725758196e-10,1.3835254053518042e-09,8.881784197001252e-15
19,28,10.5,0.36,0.05730027578034743,0.012360305837040373,0.82,0.1364256480218281,0.8492758106254321,0.01641660802251935,True,True,4.904851221189984,4.897251742340289,4.768425573168156,4.76082609431846,0.05884526656273859,0.05893919844552295,0.0015493800947242735,0.0015962521417795155,0.0015962521417795155,nan,nan,nan,nan,1.1930287190053457,True,0.8202745336539912,0.8509583873716083,4.6192993874427657e-10,1.3835254053518042e-09,8.881784197001252e-15
19,28,10.5,0.36,0.05730027578034743,0.012360305837040373,0.7,0.1364256480218281,0.8492758106254321,0.01641660802251935,True,True,24.40385444141971,24.386397816172426,24.267428793397883,24.2499721681506,0.2997370725380584,0.2999528417649975,0.0007153224622441551,0.00071986166112855,0.00071986166112855,19.499003220229724,0.2408918059753199,0.2410136433194745,0.0005057762079590612,1.1930287190053457,True,0.7002110951501692,0.8509583873716083,4.803095698946436e-10,1.3835254053518042e-09,8.881784197001252e-15
19,28,10.5,0.36,0.05730027578034743,0.012360305837040373,0.5,0.1364256480218281,0.8492758106254321,0.01641660802251935,True,True,59.45674137063729,59.41381727356113,59.32031572261546,59.2773916255393,0.7326866897136816,0.7332172446813217,0.0007219382711975837,0.0007241225684711499,0.0007241225684711499,54.5518901494473,0.6738414231509432,0.6742780462357987,0.0006479611817477649,1.1930287190053457,True,0.5001359770837254,0.8509583873716083,4.945623910401764e-10,1.3835254053518042e-09,8.881784197001252e-15
19,28,10.5,0.36,0.05730027578034743,0.012360305837040373,0.3,0.1364256480218281,0.8492758106254321,0.01641660802251935,True,True,105.5148644959657,105.42756230932001,105.37843884794387,105.29113666129818,1.3014306510632596,1.3025097327904427,0.0008273923021435963,0.0008291503863855298,0.0008291503863855298,100.61001327477571,1.242585384500521,1.2435705343449197,0.0007928226556396193,1.1930287190053457,True,0.29990382563927037,0.8509583873716083,5.242757339374293e-10,1.3835254053518042e-09,8.881784197001252e-15
20,28,12.0,0.2,0.027854300726557788,0.0033344444692670182,0.84,0.1364256480218281,0.8498026824892594,0.0038793103448275888,True,True,6.0628285291435935,6.058055185675181,5.926402881121765,5.921629537653353,0.019745344860876434,0.019761261309604594,0.000787312958871745,0.000806086135253935,0.000806086135253935,nan,nan,nan,nan,2.033385791870452,True,0.8399757792232008,0.8505158610286052,4.984741508451407e-10,5.756217724695034e-10,3.164135620181696e-15
20,28,12.0,0.2,0.027854300726557788,0.0033344444692670182,0.82,0.1364256480218281,0.8498026824892594,0.0038793103448275888,True,True,18.10868851674836,18.10275890496257,17.97226286872653,17.966333256940743,0.05990774056161416,0.05992751252283818,0.0003274456778194703,0.0003300401757546449,0.0003300401757546449,nan,nan,nan,nan,2.033385791870452,True,0.820042884532022,0.8505158610286052,4.987409374379581e-10,5.756217724695034e-10,3.164135620181696e-15
20,28,12.0,0.2,0.027854300726557788,0.0033344444692670182,0.7,0.1364256480218281,0.8498026824892594,0.0038793103448275888,True,True,90.36076331621432,90.34621900621083,90.22433766819249,90.209793358189,0.3007995465369339,0.30084804373098434,0.00016095824636396075,0.00016122761689226254,0.00016122761689226254,72.25207479946596,0.2408918059753199,0.24092053120814616,0.00011924537121535997,2.033385791870452,True,0.6999544410648074,0.8505158610286052,5.061582264431763e-10,5.756217724695034e-10,3.164135620181696e-15
20,28,12.0,0.2,0.027854300726557788,0.0033344444692670182,0.5,0.1364256480218281,0.8498026824892594,0.0038793103448275888,True,True,220.22462026663672,220.18782265744656,220.0881946186149,220.05139700942473,0.7337491637125572,0.7338718632970036,0.00016709125957673103,0.00016722279290325238,0.00016722279290325238,202.11593174988838,0.6738414231509432,0.6739443507741655,0.00015274754517314052,2.033385791870452,True,0.499942359516983,0.8505158610286052,5.269139569108461e-10,5.756217724695034e-10,3.164135620181696e-15
20,28,12.0,0.2,0.027854300726557788,0.0033344444692670182,0.3,0.1364256480218281,0.8498026824892594,0.0038793103448275888,True,True,390.82972420021446,390.75415434825436,390.69329855219263,390.61772870023253,1.302493125062135,1.3027451085370467,0.0001933574835300499,0.00019346242222945435,0.00019346242222945435,372.7210356834661,1.242585384500521,1.2428175960142085,0.00018687771205421437,2.033385791870452,True,0.2999405462840603,0.8505158610286052,5.61412027977326e-10,5.756217724695034e-10,3.164135620181696e-15
21,28,12.0,0.24,0.03342516087186933,0.004802304722275656,0.84,0.1364256480218281,0.8497157499135383,0.0055862068965517216,True,True,4.216291274448413,4.211558404076421,4.079865626426585,4.075132756054593,0.019570029278301183,0.019592757964038518,0.0011225197843123776,0.001161402745704406,0.001161402745704406,nan,nan,nan,nan,1.6842508444112159,True,0.840116469697417,0.8505525406770501,4.957313448628042e-10,6.233581428816137e-10,1.1102230246251565e-16
21,28,12.0,0.24,0.03342516087186933,0.004802304722275656,0.82,0.1364256480218281,0.8497157499135383,0.0055862068965517216,True,True,12.580597362976604,12.574708604529755,12.444171714954777,12.438282956507928,0.059732424979038835,0.05976070459153648,0.00046808257803234387,0.00047343821228697496,0.00047343821228697496,nan,nan,nan,nan,1.6842508444112159,True,0.8198915501829408,0.8505525406770501,4.957313448628042e-10,6.233581428816137e-10,1.1102230246251565e-16
21,28,12.0,0.24,0.03342516087186933,0.004802304722275656,0.7,0.1364256480218281,0.8497157499135383,0.0055862068965517216,True,True,62.75092019769717,62.73641634830016,62.61449454967534,62.59999070027833,0.3006242309543588,0.3006938828588092,0.000231133652722775,0.00023169091935567235,0.00023169091935567235,50.170322834720565,0.2408918059753199,0.24093317826727276,0.00017174636466091018,1.6842508444112159,True,0.7001344448257985,0.8505525406770501,5.050122542371582e-10,6.233581428816137e-10,1.1102230246251565e-16
21,28,12.0,0.24,0.03342516087186933,0.004802304722275656,0.5,0.1364256480218281,0.8497157499135383,0.0055862068965517216,True,True,152.927724784158,152.89096551036633,152.79129913613616,152.7545398623445,0.7335738481299819,0.7337503773640991,0.00024037023923256264,0.00024064275814515094,0.00024064275814515094,140.34712742118137,0.6738414231509432,0.6739896727725625,0.00022000669078204216,1.6842508444112159,True,0.5001136870553435,0.8505525406770501,5.232441147029476e-10,6.233581428816137e-10,1.1102230246251565e-16
21,28,12.0,0.24,0.03342516087186933,0.004802304722275656,0.3,0.1364256480218281,0.8497157499135383,0.0055862068965517216,True,True,271.3979711612541,271.32242586968914,271.26154551323225,271.1860002216673,1.30231780947956,1.302680600989988,0.0002783561396634379,0.0002785737151003433,0.0002785737151003433,258.81737379827746,1.242585384500521,1.2429198963984516,0.00026920636770969903,1.6842508444112159,True,0.29996290647037005,0.8505525406770501,5.526383795029233e-10,6.233581428816137e-10,1.1102230246251565e-16
22,28,12.0,0.28,0.038996021017180894,0.006537604585751873,0.84,0.1364256480218281,0.8496129400224817,0.007603448275862071,True,True,3.1028578113227083,3.098167826419354,2.96643216330088,2.9617421783975257,0.019362699247306405,0.019393360514117684,0.0015115049378801833,0.00158352233950773,0.00158352233950773,nan,nan,nan,nan,1.4348893170306174,True,0.8400869811719371,0.8505669969255943,4.438280853946708e-10,7.17071069189501e-10,3.885780586188048e-16
22,28,12.0,0.28,0.038996021017180894,0.006537604585751873,0.82,0.1364256480218281,0.8496129400224817,0.007603448275862071,True,True,9.24730376614812,9.241457034865528,9.110878118126292,9.1050313868437,0.05952509494804411,0.05956331856528884,0.0006322633526969382,0.0006421429025538649,0.0006421429025538649,nan,nan,nan,nan,1.4348893170306174,True,0.8201045437257264,0.8505669969255943,4.920339691238951e-10,7.17071069189501e-10,3.885780586188048e-16
22,28,12.0,0.28,0.038996021017180894,0.006537604585751873,0.7,0.1364256480218281,0.8496129400224817,0.007603448275862071,True,True,46.10302642250405,46.088562548148175,45.966600774482224,45.95213690012635,0.30041690092336387,0.3005114600146806,0.000313729389982425,0.00031475955921949933,0.00031475955921949933,36.85572265635593,0.2408918059753199,0.24094814144939172,0.00023386214339561132,1.4348893170306174,True,0.7001702380501358,0.8505669969255943,4.984505030947162e-10,7.17071069189501e-10,3.885780586188048e-16
22,28,12.0,0.28,0.038996021017180894,0.006537604585751873,0.5,0.1364256480218281,0.8496129400224817,0.007603448275862071,True,True,112.34979684528297,112.31306595711824,112.21337119726114,112.17664030909641,0.7333665180989871,0.7336066501218915,0.00032693328511584484,0.00032743794129962237,0.00032743794129962237,103.10249307913485,0.6738414231509432,0.6740433315566027,0.0002996378654125135,1.4348893170306174,True,0.4999910881528182,0.8505669969255943,5.165663452544322e-10,7.17071069189501e-10,3.885780586188048e-16
22,28,12.0,0.28,0.038996021017180894,0.006537604585751873,0.3,0.1364256480218281,0.8496129400224817,0.007603448275862071,True,True,199.38435941862656,199.30883847433424,199.24793377060473,199.1724128263124,1.3021104794485652,1.3026042055202909,0.00037877065439099084,0.00037917371798958116,0.00037917371798958116,190.13705565247844,1.242585384500521,1.243040886955002,0.00036657638192332524,1.4348893170306174,True,0.2999847875433346,0.8505669969255943,5.53628476396284e-10,7.17071069189501e-10,3.885780586188048e-16
23,28,12.0,0.32,0.044566881162492446,0.00854062279738574,0.84,0.1364256480218281,0.8494942243558953,0.00993103448275862,True,True,2.380170704825145,2.3755246427440446,2.243745056803317,2.2390989947222164,0.019123299919928054,0.019162980183655972,0.001951986919123822,0.002074969481944282,0.002074969481944282,nan,nan,nan,nan,1.2478855010960324,True,0.8399414922875106,0.8505591966832937,4.3822889761457873e-10,8.858009881151929e-10,1.5543122344752192e-15
23,28,12.0,0.32,0.044566881162492446,0.00854062279738574,0.82,0.1364256480218281,0.8494942243558953,0.00993103448275862,True,True,7.083842678189423,7.0780383415145005,6.947417030167594,6.941612693492672,0.05928569562066575,0.05933526827079529,0.0008193768465233094,0.0008361654461597506,0.0008361654461597506,nan,nan,nan,nan,1.2478855010960324,True,0.8202189597179673,0.8505591966832937,4.788324181603798e-10,8.858009881151929e-10,1.5543122344752192e-15
23,28,12.0,0.32,0.044566881162492446,0.00854062279738574,0.7,0.1364256480218281,0.8494942243558953,0.00993103448275862,True,True,35.29787780608651,35.28345282827255,35.161452158064684,35.147027180250724,0.3001775015959856,0.3003006998903553,0.0004086641665316274,0.0004104181483111321,0.0004104181483111321,28.214035127897088,0.2408918059753199,0.24096543161955997,0.0003056378108918116,1.2478855010960324,True,0.7001065756494693,0.8505591966832937,4.910726270068722e-10,8.858009881151929e-10,1.5543122344752192e-15
23,28,12.0,0.32,0.044566881162492446,0.00854062279738574,0.5,0.1364256480218281,0.8494942243558953,0.00993103448275862,True,True,86.0131297892709,85.976432420832,85.87670414124908,85.84000677281017,0.7331271187716089,0.7334405371531023,0.00042664844924042726,0.0004275089182604592,0.0004275089182604592,78.92928711108148,0.6738414231509432,0.6741052688823069,0.00039155463332896,1.2478855010960324,True,0.4999649355175361,0.8505591966832937,5.131107760902864e-10,8.858009881151929e-10,1.5543122344752192e-15
23,28,12.0,0.32,0.044566881162492446,0.00854062279738574,0.3,0.1364256480218281,0.8494942243558953,0.00993103448275862,True,True,152.64471723497027,152.56922955544715,152.50829158694845,152.43280390742532,1.3018710801211868,1.3025157919178438,0.000494531883516944,0.0004952193857759127,0.0004952193857759127,145.56087455678085,1.242585384500521,1.2431805236470483,0.0004789523150286684,1.2478855010960324,True,0.30011113081814944,0.8505591966832937,5.391156410183839e-10,8.858009881151929e-10,1.5543122344752192e-15
24,28,12.0,0.36,0.050137741307804,0.010811681574846896,0.84,0.1364256480218281,0.8493595718080593,0.012568965517241376,True,True,1.8846765612132705,1.8800740689538378,1.7482509131914425,1.7436484209320098,0.018851771505601495,0.01890153218636118,0.002442059478083543,0.00263957584807871,0.00263957584807871,nan,nan,nan,nan,1.1024528924117898,True,0.8401956391695096,0.8505291029364178,4.305208411992112e-10,1.2008983807376694e-09,2.3314683517128287e-15
24,28,12.0,0.36,0.050137741307804,0.010811681574846896,0.82,0.1364256480218281,0.8493595718080593,0.012568965517241376,True,True,5.600557121136303,5.594796466455313,5.464131473114475,5.458370818433485,0.05901416720633928,0.059076449570412796,0.0010285860060688153,0.0010553798693075148,0.0010553798693075148,nan,nan,nan,nan,1.1024528924117898,True,0.8196354398497527,0.8505291029364178,4.702915834542409e-10,1.2008983807376694e-09,2.3314683517128287e-15
24,28,12.0,0.36,0.050137741307804,0.010811681574846896,0.7,0.1364256480218281,0.8493595718080593,0.012568965517241376,True,True,27.889878938332167,27.875493905394737,27.75345329031034,27.73906825737291,0.29990597318165907,0.3000614995772223,0.0005157796837066434,0.0005185838545103094,0.0005185838545103094,22.289321817195862,0.2408918059753199,0.24098505000680945,0.00038707846915767,1.1024528924117898,True,0.6999164873377423,0.8505291029364178,4.948321752351603e-10,1.2008983807376694e-09,2.3314683517128287e-15
24,28,12.0,0.36,0.050137741307804,0.010811681574846896,0.5,0.1364256480218281,0.8493595718080593,0.012568965517241376,True,True,67.95676435974907,67.92010807372816,67.82033871172725,67.78368242570633,0.7328555903572824,0.7332519064494571,0.0005394059938884598,0.0005407833376579792,0.0005407833376579792,62.35620723861277,0.6738414231509432,0.6741754568790443,0.0004957156337156811,1.1024528924117898,True,0.49973664791940187,0.8505291029364178,4.988633950375743e-10,1.2008983807376694e-09,2.3314683517128287e-15
24,28,12.0,0.36,0.050137741307804,0.010811681574846896,0.3,0.1364256480218281,0.8493595718080593,0.012568965517241376,True,True,120.60014248606677,120.5246874272994,120.46371683804495,120.38826177927757,1.3015995517068601,1.3024153477754643,0.0006256630980024945,0.00062676425136622,0.00062676425136622,114.99958536493047,1.242585384500521,1.2433388982050515,0.0006064079892854695,1.1024528924117898,True,0.3001878244716345,0.8505291029364178,5.48237899522519e-10,1.2008983807376694e-09,2.3314683517128287e-15
