K,sigma_omega,eta,t_f_num_fixed,T_sim_coarse,T_sim_refined,absolute_difference,relative_difference_slow,prediction_absolute_difference
6.0,0.36,0.84,0.0,0.9702019707988919,0.9702044848705939,2.5140717019311865e-06,2.591286946017053e-06,0.0
6.0,0.36,0.82,0.0,2.8239163673810097,2.823918416932644,2.0495516341867415e-06,7.257834041620578e-07,0.0
6.0,0.36,0.7,0.0,13.945270659446555,13.945266847971482,3.811475073334236e-06,2.733166796409459e-07,0.0
6.0,0.36,0.5,0.0,33.947035783217615,33.94702662772955,9.15548806545985e-06,2.69699190348338e-07,0.0
6.0,0.36,0.3,0.0,60.24153034292677,60.24149456851652,3.57744102501556e-05,5.938496257732608e-07,0.0
12.0,0.2,0.84,0.1364256480218281,6.0628285291435935,6.0628292711950005,7.420514069877981e-07,1.252110971651223e-07,0.0
12.0,0.2,0.82,0.1364256480218281,18.10868851674836,18.108688880381855,3.636334966472532e-07,2.0233039061542468e-08,0.0
12.0,0.2,0.7,0.1364256480218281,90.36076331621432,90.36076212001808,1.196196237174263e-06,1.325802181639032e-08,0.0
12.0,0.2,0.5,0.1364256480218281,220.22462026663672,220.22461818988336,2.0767533612797706e-06,9.436005256340634e-09,0.0
12.0,0.2,0.3,0.1364256480218281,390.82972420021446,390.8297231004042,1.0998102766279771e-06,2.815022117613962e-09,0.0
